Year,Month,Product,Demand
2007,1,Product 1,2884
2007,1,Product 2,2521
2007,1,Product 3,1029
2007,1,Product 4,870
2007,1,Product 5,693
2007,1,Product 6,665
2007,1,Product 7,622
2007,1,Product 8,599
2007,1,Product 9,423
2007,1,Product 10,362
2007,1,Product 11,352
2007,1,Product 12,263
2007,1,Product 13,258
2007,1,Product 14,191
2007,1,Product 15,169
2007,1,Product 16,168
2007,1,Product 17,136
2007,1,Product 18,127
2007,1,Product 19,97
2007,1,Product 20,55
2007,1,Product 21,33
2007,1,Product 22,26
2007,1,Product 23,26
2007,1,Product 24,22
2007,1,Product 25,20
2007,1,Product 26,16
2007,1,Product 27,15
2007,1,Product 28,14
2007,1,Product 29,9
2007,1,Product 30,4
2007,1,Product 31,4
2007,1,Product 32,3
2007,1,Product 33,2
2007,1,Product 34,2
2007,1,Product 35,2
2007,1,Product 36,1
2007,1,Product 37,1
2007,1,Product 38,1
2007,2,Product 1,1885
2007,2,Product 2,1517
2007,2,Product 4,686
2007,2,Product 3,621
2007,2,Product 5,570
2007,2,Product 7,551
2007,2,Product 8,498
2007,2,Product 6,463
2007,2,Product 10,410
2007,2,Product 9,356
2007,2,Product 11,335
2007,2,Product 13,264
2007,2,Product 17,262
2007,2,Product 12,247
2007,2,Product 14,239
2007,2,Product 15,175
2007,2,Product 19,149
2007,2,Product 18,134
2007,2,Product 20,119
2007,2,Product 16,84
2007,2,Product 25,35
2007,2,Product 22,32
2007,2,Product 28,30
2007,2,Product 21,24
2007,2,Product 27,22
2007,2,Product 23,18
2007,2,Product 24,17
2007,2,Product 26,9
2007,2,Product 29,6
2007,2,Product 33,6
2007,2,Product 34,6
2007,2,Product 30,5
2007,2,Product 32,5
2007,2,Product 36,5
2007,2,Product 39,3
2007,2,Product 37,2
2007,2,Product 40,2
2007,2,Product 41,1
2007,3,Product 1,1833
2007,3,Product 2,1428
2007,3,Product 3,867
2007,3,Product 4,766
2007,3,Product 8,682
2007,3,Product 5,656
2007,3,Product 7,578
2007,3,Product 17,512
2007,3,Product 6,491
2007,3,Product 9,399
2007,3,Product 10,387
2007,3,Product 11,365
2007,3,Product 13,333
2007,3,Product 18,327
2007,3,Product 14,319
2007,3,Product 15,243
2007,3,Product 12,239
2007,3,Product 19,228
2007,3,Product 20,171
2007,3,Product 16,131
2007,3,Product 25,52
2007,3,Product 28,40
2007,3,Product 33,33
2007,3,Product 22,28
2007,3,Product 27,27
2007,3,Product 21,25
2007,3,Product 26,21
2007,3,Product 29,20
2007,3,Product 24,18
2007,3,Product 40,14
2007,3,Product 32,9
2007,3,Product 23,7
2007,3,Product 31,5
2007,3,Product 41,4
2007,3,Product 30,3
2007,3,Product 34,1
2007,3,Product 38,1
2007,3,Product 42,1
2007,4,Product 1,1300
2007,4,Product 2,1257
2007,4,Product 5,587
2007,4,Product 8,556
2007,4,Product 3,547
2007,4,Product 7,534
2007,4,Product 4,451
2007,4,Product 6,438
2007,4,Product 10,387
2007,4,Product 11,360
2007,4,Product 9,351
2007,4,Product 13,347
2007,4,Product 18,328
2007,4,Product 14,249
2007,4,Product 15,191
2007,4,Product 12,179
2007,4,Product 19,142
2007,4,Product 17,104
2007,4,Product 16,92
2007,4,Product 20,92
2007,4,Product 25,79
2007,4,Product 23,77
2007,4,Product 28,42
2007,4,Product 22,31
2007,4,Product 21,25
2007,4,Product 26,20
2007,4,Product 24,18
2007,4,Product 27,17
2007,4,Product 30,11
2007,4,Product 33,10
2007,4,Product 29,7
2007,4,Product 40,7
2007,4,Product 32,5
2007,4,Product 31,5
2007,4,Product 43,4
2007,4,Product 41,2
2007,4,Product 36,1
2007,4,Product 35,1
2007,5,Product 2,1934
2007,5,Product 1,1866
2007,5,Product 5,805
2007,5,Product 7,771
2007,5,Product 3,743
2007,5,Product 4,648
2007,5,Product 8,630
2007,5,Product 9,520
2007,5,Product 6,517
2007,5,Product 11,431
2007,5,Product 10,422
2007,5,Product 13,420
2007,5,Product 18,382
2007,5,Product 14,325
2007,5,Product 15,241
2007,5,Product 12,223
2007,5,Product 17,222
2007,5,Product 20,169
2007,5,Product 19,155
2007,5,Product 16,109
2007,5,Product 28,91
2007,5,Product 23,78
2007,5,Product 33,72
2007,5,Product 25,65
2007,5,Product 27,36
2007,5,Product 22,30
2007,5,Product 21,29
2007,5,Product 29,18
2007,5,Product 26,17
2007,5,Product 24,10
2007,5,Product 30,8
2007,5,Product 32,5
2007,5,Product 40,4
2007,5,Product 42,4
2007,5,Product 37,3
2007,5,Product 36,2
2007,5,Product 43,2
2007,6,Product 1,1620
2007,6,Product 2,1531
2007,6,Product 4,772
2007,6,Product 7,683
2007,6,Product 5,662
2007,6,Product 9,624
2007,6,Product 3,569
2007,6,Product 6,512
2007,6,Product 8,498
2007,6,Product 11,477
2007,6,Product 10,421
2007,6,Product 17,414
2007,6,Product 18,364
2007,6,Product 14,296
2007,6,Product 12,277
2007,6,Product 13,262
2007,6,Product 19,204
2007,6,Product 15,195
2007,6,Product 20,159
2007,6,Product 16,107
2007,6,Product 25,74
2007,6,Product 33,68
2007,6,Product 23,65
2007,6,Product 28,47
2007,6,Product 22,37
2007,6,Product 27,37
2007,6,Product 21,23
2007,6,Product 26,21
2007,6,Product 24,17
2007,6,Product 29,10
2007,6,Product 32,8
2007,6,Product 36,8
2007,6,Product 30,5
2007,6,Product 40,5
2007,6,Product 37,5
2007,6,Product 42,3
2007,6,Product 41,1
2007,6,Product 39,1
2007,6,Product 44,1
2007,7,Product 1,1901
2007,7,Product 2,1777
2007,7,Product 5,1064
2007,7,Product 4,1006
2007,7,Product 3,749
2007,7,Product 7,685
2007,7,Product 8,562
2007,7,Product 6,489
2007,7,Product 10,469
2007,7,Product 11,403
2007,7,Product 9,401
2007,7,Product 17,381
2007,7,Product 13,296
2007,7,Product 14,294
2007,7,Product 12,281
2007,7,Product 18,277
2007,7,Product 15,204
2007,7,Product 19,182
2007,7,Product 20,137
2007,7,Product 16,124
2007,7,Product 25,78
2007,7,Product 33,56
2007,7,Product 23,51
2007,7,Product 27,33
2007,7,Product 28,32
2007,7,Product 22,28
2007,7,Product 21,26
2007,7,Product 24,16
2007,7,Product 26,14
2007,7,Product 29,12
2007,7,Product 32,12
2007,7,Product 36,8
2007,7,Product 30,5
2007,7,Product 40,3
2007,7,Product 42,3
2007,7,Product 37,1
2007,7,Product 34,1
2007,7,Product 38,1
2007,8,Product 1,1783
2007,8,Product 2,1665
2007,8,Product 4,816
2007,8,Product 17,681
2007,8,Product 8,590
2007,8,Product 3,531
2007,8,Product 5,498
2007,8,Product 6,476
2007,8,Product 7,472
2007,8,Product 10,435
2007,8,Product 13,392
2007,8,Product 11,348
2007,8,Product 18,348
2007,8,Product 9,296
2007,8,Product 12,288
2007,8,Product 14,237
2007,8,Product 19,196
2007,8,Product 20,122
2007,8,Product 15,103
2007,8,Product 16,100
2007,8,Product 23,92
2007,8,Product 25,67
2007,8,Product 33,51
2007,8,Product 27,40
2007,8,Product 24,30
2007,8,Product 28,28
2007,8,Product 22,24
2007,8,Product 29,23
2007,8,Product 21,13
2007,8,Product 36,13
2007,8,Product 26,12
2007,8,Product 32,5
2007,8,Product 37,3
2007,8,Product 41,3
2007,8,Product 30,1
2007,8,Product 40,1
2007,8,Product 31,1
2007,8,Product 35,1
2007,8,Product 45,1
2007,9,Product 2,1373
2007,9,Product 1,1303
2007,9,Product 4,679
2007,9,Product 5,662
2007,9,Product 17,553
2007,9,Product 18,432
2007,9,Product 3,426
2007,9,Product 7,414
2007,9,Product 8,393
2007,9,Product 9,358
2007,9,Product 6,354
2007,9,Product 13,314
2007,9,Product 10,298
2007,9,Product 11,271
2007,9,Product 14,266
2007,9,Product 19,247
2007,9,Product 15,220
2007,9,Product 12,184
2007,9,Product 20,158
2007,9,Product 23,85
2007,9,Product 16,69
2007,9,Product 25,57
2007,9,Product 33,34
2007,9,Product 28,32
2007,9,Product 29,32
2007,9,Product 22,26
2007,9,Product 27,26
2007,9,Product 24,25
2007,9,Product 26,15
2007,9,Product 21,12
2007,9,Product 32,5
2007,9,Product 30,4
2007,9,Product 40,4
2007,9,Product 36,3
2007,9,Product 37,2
2007,9,Product 34,1
2007,9,Product 43,1
2007,9,Product 45,1
2007,9,Product 46,1
2007,10,Product 2,1941
2007,10,Product 1,1648
2007,10,Product 5,1014
2007,10,Product 3,707
2007,10,Product 4,693
2007,10,Product 11,562
2007,10,Product 8,554
2007,10,Product 7,547
2007,10,Product 18,518
2007,10,Product 6,438
2007,10,Product 9,428
2007,10,Product 10,376
2007,10,Product 13,333
2007,10,Product 17,324
2007,10,Product 14,247
2007,10,Product 15,234
2007,10,Product 19,220
2007,10,Product 12,202
2007,10,Product 20,145
2007,10,Product 23,141
2007,10,Product 16,75
2007,10,Product 33,52
2007,10,Product 25,47
2007,10,Product 28,39
2007,10,Product 29,28
2007,10,Product 27,27
2007,10,Product 22,26
2007,10,Product 24,23
2007,10,Product 21,21
2007,10,Product 26,10
2007,10,Product 32,7
2007,10,Product 36,6
2007,10,Product 30,4
2007,10,Product 40,3
2007,10,Product 37,1
2007,10,Product 41,1
2007,10,Product 34,1
2007,10,Product 39,1
2007,10,Product 46,1
2007,10,Product 47,1
2007,11,Product 1,1579
2007,11,Product 2,1473
2007,11,Product 5,710
2007,11,Product 4,566
2007,11,Product 18,530
2007,11,Product 11,525
2007,11,Product 9,509
2007,11,Product 3,479
2007,11,Product 7,477
2007,11,Product 8,448
2007,11,Product 6,447
2007,11,Product 10,447
2007,11,Product 13,310
2007,11,Product 17,299
2007,11,Product 14,287
2007,11,Product 15,233
2007,11,Product 23,220
2007,11,Product 12,206
2007,11,Product 20,161
2007,11,Product 19,156
2007,11,Product 16,74
2007,11,Product 25,50
2007,11,Product 22,48
2007,11,Product 33,46
2007,11,Product 29,40
2007,11,Product 21,25
2007,11,Product 28,23
2007,11,Product 24,22
2007,11,Product 27,19
2007,11,Product 26,18
2007,11,Product 30,9
2007,11,Product 32,7
2007,11,Product 40,3
2007,11,Product 37,3
2007,11,Product 36,2
2007,11,Product 38,1
2007,11,Product 46,1
2007,12,Product 2,1272
2007,12,Product 1,1081
2007,12,Product 4,821
2007,12,Product 5,641
2007,12,Product 6,578
2007,12,Product 11,512
2007,12,Product 7,481
2007,12,Product 9,471
2007,12,Product 8,462
2007,12,Product 10,456
2007,12,Product 17,351
2007,12,Product 15,307
2007,12,Product 18,244
2007,12,Product 3,225
2007,12,Product 23,224
2007,12,Product 13,201
2007,12,Product 14,194
2007,12,Product 20,132
2007,12,Product 19,128
2007,12,Product 12,120
2007,12,Product 16,57
2007,12,Product 28,56
2007,12,Product 25,44
2007,12,Product 33,43
2007,12,Product 22,28
2007,12,Product 26,21
2007,12,Product 27,16
2007,12,Product 21,16
2007,12,Product 24,10
2007,12,Product 29,9
2007,12,Product 36,6
2007,12,Product 30,4
2007,12,Product 37,3
2007,12,Product 32,2
2007,12,Product 40,2
2007,12,Product 41,1
2007,12,Product 34,1
2007,12,Product 46,1
2007,12,Product 44,1
2008,1,Product 1,1758
2008,1,Product 2,1224
2008,1,Product 4,942
2008,1,Product 5,593
2008,1,Product 3,592
2008,1,Product 9,549
2008,1,Product 18,472
2008,1,Product 8,429
2008,1,Product 10,374
2008,1,Product 11,368
2008,1,Product 6,360
2008,1,Product 13,344
2008,1,Product 17,337
2008,1,Product 7,334
2008,1,Product 14,280
2008,1,Product 23,161
2008,1,Product 12,146
2008,1,Product 15,114
2008,1,Product 20,111
2008,1,Product 19,97
2008,1,Product 16,59
2008,1,Product 22,55
2008,1,Product 33,32
2008,1,Product 24,30
2008,1,Product 25,28
2008,1,Product 27,24
2008,1,Product 29,22
2008,1,Product 28,21
2008,1,Product 21,16
2008,1,Product 26,15
2008,1,Product 30,5
2008,1,Product 36,4
2008,1,Product 34,3
2008,1,Product 32,2
2008,2,Product 2,1767
2008,2,Product 1,1494
2008,2,Product 4,1016
2008,2,Product 5,684
2008,2,Product 18,635
2008,2,Product 8,486
2008,2,Product 11,474
2008,2,Product 3,467
2008,2,Product 6,426
2008,2,Product 9,405
2008,2,Product 17,397
2008,2,Product 7,381
2008,2,Product 13,362
2008,2,Product 14,305
2008,2,Product 10,291
2008,2,Product 23,153
2008,2,Product 12,148
2008,2,Product 20,133
2008,2,Product 15,132
2008,2,Product 19,128
2008,2,Product 16,48
2008,2,Product 22,41
2008,2,Product 33,39
2008,2,Product 27,26
2008,2,Product 25,21
2008,2,Product 21,20
2008,2,Product 29,19
2008,2,Product 28,16
2008,2,Product 24,15
2008,2,Product 26,8
2008,2,Product 40,7
2008,2,Product 32,6
2008,2,Product 30,4
2008,2,Product 35,4
2008,2,Product 34,2
2008,2,Product 48,2
2008,2,Product 37,2
2008,2,Product 36,1
2008,2,Product 41,1
2008,2,Product 46,1
2008,3,Product 2,1503
2008,3,Product 1,1338
2008,3,Product 4,713
2008,3,Product 17,584
2008,3,Product 5,557
2008,3,Product 14,514
2008,3,Product 3,502
2008,3,Product 8,478
2008,3,Product 6,455
2008,3,Product 18,431
2008,3,Product 11,379
2008,3,Product 7,312
2008,3,Product 9,293
2008,3,Product 13,273
2008,3,Product 10,243
2008,3,Product 19,175
2008,3,Product 23,163
2008,3,Product 20,120
2008,3,Product 15,106
2008,3,Product 12,105
2008,3,Product 16,55
2008,3,Product 25,37
2008,3,Product 22,28
2008,3,Product 33,28
2008,3,Product 27,25
2008,3,Product 28,22
2008,3,Product 29,17
2008,3,Product 21,12
2008,3,Product 24,11
2008,3,Product 26,8
2008,3,Product 32,8
2008,3,Product 40,2
2008,3,Product 36,2
2008,3,Product 30,1
2008,3,Product 34,1
2008,3,Product 37,1
2008,3,Product 41,1
2008,3,Product 42,1
2008,3,Product 44,1
2008,3,Product 45,1
2008,4,Product 2,1795
2008,4,Product 1,1528
2008,4,Product 4,854
2008,4,Product 5,732
2008,4,Product 3,662
2008,4,Product 8,662
2008,4,Product 17,620
2008,4,Product 11,593
2008,4,Product 6,537
2008,4,Product 10,480
2008,4,Product 18,456
2008,4,Product 7,412
2008,4,Product 13,367
2008,4,Product 9,364
2008,4,Product 14,317
2008,4,Product 23,240
2008,4,Product 19,187
2008,4,Product 15,178
2008,4,Product 12,170
2008,4,Product 16,109
2008,4,Product 20,86
2008,4,Product 29,72
2008,4,Product 22,44
2008,4,Product 25,43
2008,4,Product 33,34
2008,4,Product 27,26
2008,4,Product 28,24
2008,4,Product 32,19
2008,4,Product 21,18
2008,4,Product 24,17
2008,4,Product 31,13
2008,4,Product 26,9
2008,4,Product 36,8
2008,4,Product 43,8
2008,4,Product 30,6
2008,4,Product 34,6
2008,4,Product 40,2
2008,4,Product 42,2
2008,4,Product 37,1
2008,4,Product 48,1
2008,4,Product 46,1
2008,4,Product 47,1
2008,5,Product 2,1402
2008,5,Product 1,1259
2008,5,Product 4,984
2008,5,Product 5,724
2008,5,Product 3,590
2008,5,Product 8,569
2008,5,Product 18,474
2008,5,Product 6,466
2008,5,Product 11,441
2008,5,Product 7,437
2008,5,Product 10,392
2008,5,Product 14,345
2008,5,Product 17,321
2008,5,Product 13,304
2008,5,Product 9,302
2008,5,Product 12,217
2008,5,Product 23,199
2008,5,Product 15,175
2008,5,Product 19,155
2008,5,Product 20,107
2008,5,Product 29,74
2008,5,Product 16,67
2008,5,Product 25,30
2008,5,Product 33,25
2008,5,Product 32,25
2008,5,Product 22,22
2008,5,Product 27,22
2008,5,Product 28,21
2008,5,Product 21,19
2008,5,Product 24,14
2008,5,Product 30,7
2008,5,Product 31,7
2008,5,Product 36,6
2008,5,Product 26,4
2008,5,Product 40,3
2008,5,Product 34,2
2008,5,Product 37,2
2008,5,Product 46,2
2008,5,Product 43,1
2008,5,Product 49,1
2008,6,Product 2,1182
2008,6,Product 1,1141
2008,6,Product 4,898
2008,6,Product 8,693
2008,6,Product 5,672
2008,6,Product 11,593
2008,6,Product 18,476
2008,6,Product 3,427
2008,6,Product 7,399
2008,6,Product 6,370
2008,6,Product 14,346
2008,6,Product 9,337
2008,6,Product 10,329
2008,6,Product 17,283
2008,6,Product 13,264
2008,6,Product 12,253
2008,6,Product 23,217
2008,6,Product 15,170
2008,6,Product 19,150
2008,6,Product 20,107
2008,6,Product 29,67
2008,6,Product 16,62
2008,6,Product 21,40
2008,6,Product 22,35
2008,6,Product 25,28
2008,6,Product 33,19
2008,6,Product 27,19
2008,6,Product 28,19
2008,6,Product 24,18
2008,6,Product 32,16
2008,6,Product 26,11
2008,6,Product 31,6
2008,6,Product 35,6
2008,6,Product 36,4
2008,6,Product 30,3
2008,6,Product 40,3
2008,6,Product 37,2
2008,6,Product 42,2
2008,6,Product 41,2
2008,6,Product 43,1
2008,7,Product 1,1315
2008,7,Product 2,1203
2008,7,Product 4,1056
2008,7,Product 5,601
2008,7,Product 8,594
2008,7,Product 3,581
2008,7,Product 7,472
2008,7,Product 18,400
2008,7,Product 11,386
2008,7,Product 14,362
2008,7,Product 6,322
2008,7,Product 17,290
2008,7,Product 9,283
2008,7,Product 13,276
2008,7,Product 10,275
2008,7,Product 23,206
2008,7,Product 12,179
2008,7,Product 19,162
2008,7,Product 15,141
2008,7,Product 20,106
2008,7,Product 16,86
2008,7,Product 35,52
2008,7,Product 21,42
2008,7,Product 29,37
2008,7,Product 33,35
2008,7,Product 22,33
2008,7,Product 25,28
2008,7,Product 24,15
2008,7,Product 32,15
2008,7,Product 26,15
2008,7,Product 27,9
2008,7,Product 28,9
2008,7,Product 30,5
2008,7,Product 37,4
2008,7,Product 36,2
2008,7,Product 40,2
2008,7,Product 34,2
2008,7,Product 43,2
2008,7,Product 31,1
2008,7,Product 46,1
2008,8,Product 2,1432
2008,8,Product 1,1002
2008,8,Product 4,658
2008,8,Product 8,574
2008,8,Product 3,457
2008,8,Product 14,347
2008,8,Product 6,327
2008,8,Product 9,312
2008,8,Product 10,295
2008,8,Product 18,279
2008,8,Product 11,278
2008,8,Product 7,271
2008,8,Product 5,270
2008,8,Product 17,251
2008,8,Product 13,206
2008,8,Product 23,152
2008,8,Product 12,134
2008,8,Product 19,111
2008,8,Product 15,73
2008,8,Product 20,59
2008,8,Product 29,57
2008,8,Product 21,49
2008,8,Product 16,46
2008,8,Product 35,38
2008,8,Product 22,30
2008,8,Product 25,26
2008,8,Product 33,23
2008,8,Product 27,19
2008,8,Product 24,14
2008,8,Product 28,12
2008,8,Product 26,11
2008,8,Product 40,6
2008,8,Product 32,4
2008,8,Product 30,4
2008,8,Product 36,4
2008,8,Product 31,1
2008,8,Product 43,1
2008,9,Product 1,1250
2008,9,Product 2,1229
2008,9,Product 4,764
2008,9,Product 8,545
2008,9,Product 5,457
2008,9,Product 9,394
2008,9,Product 3,383
2008,9,Product 11,371
2008,9,Product 14,359
2008,9,Product 18,319
2008,9,Product 6,306
2008,9,Product 7,302
2008,9,Product 17,287
2008,9,Product 10,278
2008,9,Product 19,212
2008,9,Product 13,207
2008,9,Product 23,197
2008,9,Product 15,132
2008,9,Product 12,121
2008,9,Product 20,73
2008,9,Product 29,47
2008,9,Product 16,38
2008,9,Product 21,30
2008,9,Product 25,28
2008,9,Product 22,27
2008,9,Product 33,24
2008,9,Product 24,18
2008,9,Product 27,17
2008,9,Product 28,9
2008,9,Product 30,9
2008,9,Product 32,4
2008,9,Product 26,4
2008,9,Product 36,3
2008,9,Product 47,3
2008,9,Product 37,2
2008,9,Product 31,1
2008,9,Product 40,1
2008,9,Product 41,1
2008,9,Product 45,1
2008,10,Product 2,1442
2008,10,Product 1,1247
2008,10,Product 4,701
2008,10,Product 8,578
2008,10,Product 5,472
2008,10,Product 3,449
2008,10,Product 11,395
2008,10,Product 18,346
2008,10,Product 6,283
2008,10,Product 14,275
2008,10,Product 10,260
2008,10,Product 23,245
2008,10,Product 7,241
2008,10,Product 13,231
2008,10,Product 17,214
2008,10,Product 9,214
2008,10,Product 19,146
2008,10,Product 12,142
2008,10,Product 15,116
2008,10,Product 20,76
2008,10,Product 29,61
2008,10,Product 16,54
2008,10,Product 22,37
2008,10,Product 25,26
2008,10,Product 21,25
2008,10,Product 24,19
2008,10,Product 30,18
2008,10,Product 28,17
2008,10,Product 27,15
2008,10,Product 33,10
2008,10,Product 40,10
2008,10,Product 26,9
2008,10,Product 32,7
2008,10,Product 36,3
2008,10,Product 37,3
2008,10,Product 31,2
2008,10,Product 45,1
2008,11,Product 2,1306
2008,11,Product 1,760
2008,11,Product 4,639
2008,11,Product 8,522
2008,11,Product 5,478
2008,11,Product 3,333
2008,11,Product 10,302
2008,11,Product 18,293
2008,11,Product 11,262
2008,11,Product 23,255
2008,11,Product 6,252
2008,11,Product 7,230
2008,11,Product 9,211
2008,11,Product 14,209
2008,11,Product 17,206
2008,11,Product 13,160
2008,11,Product 19,120
2008,11,Product 12,108
2008,11,Product 15,65
2008,11,Product 20,54
2008,11,Product 29,42
2008,11,Product 21,27
2008,11,Product 16,24
2008,11,Product 25,18
2008,11,Product 22,12
2008,11,Product 35,11
2008,11,Product 28,10
2008,11,Product 33,9
2008,11,Product 27,8
2008,11,Product 26,7
2008,11,Product 24,5
2008,11,Product 30,4
2008,11,Product 32,3
2008,11,Product 36,2
2008,11,Product 40,2
2008,11,Product 47,1
2008,11,Product 48,1
2008,11,Product 45,1
2008,12,Product 2,1256
2008,12,Product 1,876
2008,12,Product 4,848
2008,12,Product 5,714
2008,12,Product 8,625
2008,12,Product 11,423
2008,12,Product 9,340
2008,12,Product 6,317
2008,12,Product 23,315
2008,12,Product 10,294
2008,12,Product 18,259
2008,12,Product 17,237
2008,12,Product 13,181
2008,12,Product 7,179
2008,12,Product 14,175
2008,12,Product 3,173
2008,12,Product 12,119
2008,12,Product 15,92
2008,12,Product 19,91
2008,12,Product 35,66
2008,12,Product 29,45
2008,12,Product 16,39
2008,12,Product 20,27
2008,12,Product 21,25
2008,12,Product 28,14
2008,12,Product 22,10
2008,12,Product 25,10
2008,12,Product 33,10
2008,12,Product 31,10
2008,12,Product 32,8
2008,12,Product 24,7
2008,12,Product 26,7
2008,12,Product 36,7
2008,12,Product 40,6
2008,12,Product 27,4
2008,12,Product 30,4
2008,12,Product 34,2
2008,12,Product 45,2
2008,12,Product 48,1
2008,12,Product 50,1
2009,1,Product 1,946
2009,1,Product 2,725
2009,1,Product 4,533
2009,1,Product 5,347
2009,1,Product 3,320
2009,1,Product 7,303
2009,1,Product 8,221
2009,1,Product 19,202
2009,1,Product 18,197
2009,1,Product 6,192
2009,1,Product 14,182
2009,1,Product 23,164
2009,1,Product 11,159
2009,1,Product 10,144
2009,1,Product 13,139
2009,1,Product 9,138
2009,1,Product 17,126
2009,1,Product 12,97
2009,1,Product 15,36
2009,1,Product 29,34
2009,1,Product 20,31
2009,1,Product 16,28
2009,1,Product 22,17
2009,1,Product 21,14
2009,1,Product 36,12
2009,1,Product 24,10
2009,1,Product 27,7
2009,1,Product 33,7
2009,1,Product 26,6
2009,1,Product 25,4
2009,1,Product 28,4
2009,1,Product 34,3
2009,1,Product 32,2
2009,1,Product 30,1
2009,1,Product 43,1
2009,1,Product 37,1
2009,2,Product 2,921
2009,2,Product 1,893
2009,2,Product 4,527
2009,2,Product 8,325
2009,2,Product 5,309
2009,2,Product 9,303
2009,2,Product 6,292
2009,2,Product 11,292
2009,2,Product 3,291
2009,2,Product 7,247
2009,2,Product 14,246
2009,2,Product 18,243
2009,2,Product 19,208
2009,2,Product 17,208
2009,2,Product 23,202
2009,2,Product 10,140
2009,2,Product 13,130
2009,2,Product 12,123
2009,2,Product 16,82
2009,2,Product 15,48
2009,2,Product 20,46
2009,2,Product 29,40
2009,2,Product 24,40
2009,2,Product 35,29
2009,2,Product 21,20
2009,2,Product 25,18
2009,2,Product 28,18
2009,2,Product 22,11
2009,2,Product 33,6
2009,2,Product 30,6
2009,2,Product 36,5
2009,2,Product 47,5
2009,2,Product 34,4
2009,2,Product 32,4
2009,2,Product 27,3
2009,2,Product 26,2
2009,3,Product 1,1021
2009,3,Product 2,909
2009,3,Product 4,698
2009,3,Product 9,454
2009,3,Product 14,450
2009,3,Product 7,381
2009,3,Product 3,361
2009,3,Product 6,337
2009,3,Product 5,332
2009,3,Product 11,330
2009,3,Product 8,323
2009,3,Product 19,317
2009,3,Product 17,276
2009,3,Product 18,271
2009,3,Product 10,248
2009,3,Product 23,247
2009,3,Product 12,179
2009,3,Product 13,120
2009,3,Product 16,63
2009,3,Product 20,60
2009,3,Product 29,46
2009,3,Product 15,34
2009,3,Product 35,29
2009,3,Product 33,27
2009,3,Product 25,13
2009,3,Product 21,12
2009,3,Product 22,12
2009,3,Product 28,12
2009,3,Product 24,10
2009,3,Product 26,9
2009,3,Product 27,6
2009,3,Product 34,4
2009,3,Product 36,2
2009,3,Product 30,2
2009,3,Product 32,2
2009,3,Product 40,2
2009,3,Product 43,1
2009,3,Product 41,1
2009,4,Product 2,1207
2009,4,Product 1,993
2009,4,Product 4,608
2009,4,Product 3,479
2009,4,Product 5,434
2009,4,Product 6,406
2009,4,Product 8,389
2009,4,Product 7,370
2009,4,Product 9,328
2009,4,Product 11,278
2009,4,Product 18,266
2009,4,Product 19,244
2009,4,Product 10,215
2009,4,Product 14,214
2009,4,Product 23,190
2009,4,Product 12,180
2009,4,Product 17,170
2009,4,Product 13,164
2009,4,Product 16,89
2009,4,Product 29,49
2009,4,Product 20,34
2009,4,Product 15,32
2009,4,Product 22,30
2009,4,Product 21,27
2009,4,Product 25,18
2009,4,Product 35,14
2009,4,Product 33,14
2009,4,Product 28,14
2009,4,Product 24,11
2009,4,Product 32,11
2009,4,Product 36,10
2009,4,Product 27,4
2009,4,Product 26,3
2009,4,Product 43,3
2009,4,Product 30,2
2009,4,Product 34,1
2009,4,Product 40,1
2009,4,Product 41,1
2009,4,Product 37,1
2009,5,Product 2,1094
2009,5,Product 1,1056
2009,5,Product 4,661
2009,5,Product 7,426
2009,5,Product 6,425
2009,5,Product 8,416
2009,5,Product 11,389
2009,5,Product 5,379
2009,5,Product 3,339
2009,5,Product 10,279
2009,5,Product 9,271
2009,5,Product 19,257
2009,5,Product 18,235
2009,5,Product 23,218
2009,5,Product 12,171
2009,5,Product 14,142
2009,5,Product 17,138
2009,5,Product 13,124
2009,5,Product 29,116
2009,5,Product 16,56
2009,5,Product 20,47
2009,5,Product 15,42
2009,5,Product 22,29
2009,5,Product 21,23
2009,5,Product 25,20
2009,5,Product 33,15
2009,5,Product 24,13
2009,5,Product 36,8
2009,5,Product 28,7
2009,5,Product 26,7
2009,5,Product 40,6
2009,5,Product 34,3
2009,5,Product 27,2
2009,5,Product 32,2
2009,5,Product 30,2
2009,5,Product 35,1
2009,5,Product 47,1
2009,5,Product 37,1
2009,6,Product 2,965
2009,6,Product 1,888
2009,6,Product 4,845
2009,6,Product 5,590
2009,6,Product 8,488
2009,6,Product 7,432
2009,6,Product 11,383
2009,6,Product 10,322
2009,6,Product 14,314
2009,6,Product 3,308
2009,6,Product 6,280
2009,6,Product 18,267
2009,6,Product 19,257
2009,6,Product 23,229
2009,6,Product 9,226
2009,6,Product 12,172
2009,6,Product 17,147
2009,6,Product 13,119
2009,6,Product 29,83
2009,6,Product 16,61
2009,6,Product 20,51
2009,6,Product 15,30
2009,6,Product 22,25
2009,6,Product 21,24
2009,6,Product 25,15
2009,6,Product 33,9
2009,6,Product 26,7
2009,6,Product 32,7
2009,6,Product 24,6
2009,6,Product 36,6
2009,6,Product 34,6
2009,6,Product 30,5
2009,6,Product 40,5
2009,6,Product 27,4
2009,6,Product 35,2
2009,6,Product 28,2
2009,6,Product 48,1
2009,7,Product 2,1356
2009,7,Product 1,1353
2009,7,Product 5,900
2009,7,Product 4,824
2009,7,Product 8,593
2009,7,Product 7,424
2009,7,Product 10,414
2009,7,Product 18,413
2009,7,Product 3,408
2009,7,Product 11,378
2009,7,Product 19,360
2009,7,Product 9,327
2009,7,Product 6,313
2009,7,Product 14,238
2009,7,Product 17,193
2009,7,Product 13,171
2009,7,Product 23,158
2009,7,Product 12,150
2009,7,Product 29,121
2009,7,Product 20,65
2009,7,Product 22,46
2009,7,Product 16,35
2009,7,Product 15,33
2009,7,Product 25,25
2009,7,Product 21,24
2009,7,Product 24,12
2009,7,Product 36,12
2009,7,Product 33,11
2009,7,Product 28,8
2009,7,Product 32,7
2009,7,Product 35,6
2009,7,Product 26,5
2009,7,Product 27,3
2009,7,Product 40,3
2009,7,Product 43,2
2009,7,Product 30,1
2009,7,Product 47,1
2009,7,Product 48,1
2009,8,Product 1,1482
2009,8,Product 2,1174
2009,8,Product 4,552
2009,8,Product 8,513
2009,8,Product 18,413
2009,8,Product 11,377
2009,8,Product 10,364
2009,8,Product 3,359
2009,8,Product 5,321
2009,8,Product 19,303
2009,8,Product 6,302
2009,8,Product 17,277
2009,8,Product 7,264
2009,8,Product 14,225
2009,8,Product 9,215
2009,8,Product 12,189
2009,8,Product 23,147
2009,8,Product 13,137
2009,8,Product 29,97
2009,8,Product 20,50
2009,8,Product 16,43
2009,8,Product 24,26
2009,8,Product 15,24
2009,8,Product 22,24
2009,8,Product 25,21
2009,8,Product 21,15
2009,8,Product 33,13
2009,8,Product 35,8
2009,8,Product 28,8
2009,8,Product 26,7
2009,8,Product 36,6
2009,8,Product 40,4
2009,8,Product 32,2
2009,8,Product 27,2
2009,8,Product 48,2
2009,8,Product 30,1
2009,9,Product 1,1697
2009,9,Product 2,1358
2009,9,Product 4,956
2009,9,Product 5,767
2009,9,Product 11,447
2009,9,Product 8,422
2009,9,Product 18,406
2009,9,Product 10,372
2009,9,Product 3,370
2009,9,Product 6,342
2009,9,Product 14,337
2009,9,Product 7,284
2009,9,Product 19,283
2009,9,Product 17,273
2009,9,Product 23,266
2009,9,Product 9,227
2009,9,Product 13,219
2009,9,Product 29,134
2009,9,Product 12,119
2009,9,Product 16,45
2009,9,Product 20,41
2009,9,Product 22,33
2009,9,Product 21,26
2009,9,Product 15,21
2009,9,Product 25,14
2009,9,Product 33,13
2009,9,Product 24,12
2009,9,Product 28,11
2009,9,Product 36,9
2009,9,Product 32,7
2009,9,Product 40,5
2009,9,Product 38,4
2009,9,Product 27,3
2009,9,Product 30,3
2009,9,Product 26,1
2009,9,Product 34,1
2009,9,Product 37,1
2009,9,Product 51,1
2009,10,Product 1,1709
2009,10,Product 2,1458
2009,10,Product 4,1045
2009,10,Product 5,765
2009,10,Product 3,590
2009,10,Product 8,510
2009,10,Product 6,463
2009,10,Product 11,450
2009,10,Product 10,434
2009,10,Product 18,399
2009,10,Product 7,360
2009,10,Product 19,354
2009,10,Product 9,282
2009,10,Product 23,221
2009,10,Product 12,203
2009,10,Product 14,196
2009,10,Product 13,155
2009,10,Product 17,127
2009,10,Product 20,104
2009,10,Product 29,103
2009,10,Product 16,68
2009,10,Product 15,62
2009,10,Product 22,33
2009,10,Product 33,17
2009,10,Product 21,15
2009,10,Product 24,15
2009,10,Product 25,10
2009,10,Product 32,7
2009,10,Product 28,6
2009,10,Product 40,5
2009,10,Product 27,4
2009,10,Product 38,4
2009,10,Product 52,4
2009,10,Product 36,3
2009,10,Product 45,2
2009,10,Product 30,1
2009,10,Product 37,1
2009,10,Product 41,1
2009,10,Product 31,1
2009,11,Product 2,1529
2009,11,Product 1,1450
2009,11,Product 4,1142
2009,11,Product 5,956
2009,11,Product 8,549
2009,11,Product 11,424
2009,11,Product 6,408
2009,11,Product 3,403
2009,11,Product 18,373
2009,11,Product 10,352
2009,11,Product 23,291
2009,11,Product 7,245
2009,11,Product 14,227
2009,11,Product 19,218
2009,11,Product 17,213
2009,11,Product 13,174
2009,11,Product 12,162
2009,11,Product 9,114
2009,11,Product 29,98
2009,11,Product 20,59
2009,11,Product 16,56
2009,11,Product 15,32
2009,11,Product 25,25
2009,11,Product 22,21
2009,11,Product 21,17
2009,11,Product 24,16
2009,11,Product 33,13
2009,11,Product 32,13
2009,11,Product 28,9
2009,11,Product 40,5
2009,11,Product 26,4
2009,11,Product 36,2
2009,12,Product 2,1571
2009,12,Product 4,1413
2009,12,Product 5,1217
2009,12,Product 1,1117
2009,12,Product 8,677
2009,12,Product 11,551
2009,12,Product 10,493
2009,12,Product 6,446
2009,12,Product 17,394
2009,12,Product 23,335
2009,12,Product 18,296
2009,12,Product 7,256
2009,12,Product 14,252
2009,12,Product 12,235
2009,12,Product 13,180
2009,12,Product 9,174
2009,12,Product 3,173
2009,12,Product 19,136
2009,12,Product 16,53
2009,12,Product 29,48
2009,12,Product 20,43
2009,12,Product 25,39
2009,12,Product 28,28
2009,12,Product 15,26
2009,12,Product 21,23
2009,12,Product 22,20
2009,12,Product 33,15
2009,12,Product 32,10
2009,12,Product 40,9
2009,12,Product 30,5
2009,12,Product 24,4
2009,12,Product 35,4
2009,12,Product 37,3
2009,12,Product 36,2
2009,12,Product 52,1
2009,12,Product 45,1
2010,1,Product 1,1894
2010,1,Product 2,1524
2010,1,Product 4,849
2010,1,Product 3,842
2010,1,Product 5,652
2010,1,Product 6,442
2010,1,Product 8,432
2010,1,Product 18,342
2010,1,Product 10,328
2010,1,Product 7,315
2010,1,Product 13,303
2010,1,Product 11,260
2010,1,Product 19,242
2010,1,Product 12,206
2010,1,Product 14,187
2010,1,Product 23,161
2010,1,Product 9,127
2010,1,Product 17,126
2010,1,Product 29,107
2010,1,Product 20,94
2010,1,Product 16,88
2010,1,Product 26,63
2010,1,Product 24,29
2010,1,Product 22,22
2010,1,Product 15,20
2010,1,Product 21,15
2010,1,Product 25,6
2010,1,Product 32,5
2010,1,Product 33,4
2010,1,Product 28,3
2010,1,Product 36,3
2010,1,Product 27,2
2010,1,Product 41,1
2010,1,Product 30,1
2010,1,Product 45,1
2010,1,Product 40,1
2010,2,Product 2,1411
2010,2,Product 1,1287
2010,2,Product 5,842
2010,2,Product 4,602
2010,2,Product 6,554
2010,2,Product 3,500
2010,2,Product 11,416
2010,2,Product 8,411
2010,2,Product 10,342
2010,2,Product 18,332
2010,2,Product 17,308
2010,2,Product 7,283
2010,2,Product 13,264
2010,2,Product 19,263
2010,2,Product 23,244
2010,2,Product 9,200
2010,2,Product 12,196
2010,2,Product 14,193
2010,2,Product 29,116
2010,2,Product 20,96
2010,2,Product 16,67
2010,2,Product 26,49
2010,2,Product 22,32
2010,2,Product 15,23
2010,2,Product 21,15
2010,2,Product 24,10
2010,2,Product 28,8
2010,2,Product 27,7
2010,2,Product 32,5
2010,2,Product 33,5
2010,2,Product 36,5
2010,2,Product 40,4
2010,2,Product 25,2
2010,2,Product 31,1
2010,2,Product 35,1
2010,3,Product 2,1585
2010,3,Product 1,1474
2010,3,Product 4,989
2010,3,Product 5,936
2010,3,Product 3,704
2010,3,Product 8,587
2010,3,Product 6,566
2010,3,Product 7,501
2010,3,Product 19,493
2010,3,Product 18,476
2010,3,Product 11,453
2010,3,Product 14,423
2010,3,Product 10,361
2010,3,Product 17,336
2010,3,Product 12,287
2010,3,Product 23,270
2010,3,Product 9,260
2010,3,Product 13,195
2010,3,Product 29,161
2010,3,Product 20,153
2010,3,Product 16,67
2010,3,Product 22,49
2010,3,Product 26,47
2010,3,Product 35,39
2010,3,Product 24,17
2010,3,Product 15,14
2010,3,Product 27,11
2010,3,Product 28,9
2010,3,Product 21,7
2010,3,Product 40,6
2010,3,Product 33,3
2010,3,Product 25,2
2010,3,Product 36,1
2010,3,Product 41,1
2010,3,Product 43,1
2010,3,Product 53,1
2010,3,Product 52,1
2010,4,Product 2,1906
2010,4,Product 1,1280
2010,4,Product 5,868
2010,4,Product 8,774
2010,4,Product 3,628
2010,4,Product 6,612
2010,4,Product 4,567
2010,4,Product 18,471
2010,4,Product 11,413
2010,4,Product 7,404
2010,4,Product 19,365
2010,4,Product 17,356
2010,4,Product 10,347
2010,4,Product 13,278
2010,4,Product 23,275
2010,4,Product 9,233
2010,4,Product 12,218
2010,4,Product 14,212
2010,4,Product 20,117
2010,4,Product 16,92
2010,4,Product 29,84
2010,4,Product 35,40
2010,4,Product 22,27
2010,4,Product 24,24
2010,4,Product 15,17
2010,4,Product 26,15
2010,4,Product 27,12
2010,4,Product 28,12
2010,4,Product 21,8
2010,4,Product 43,4
2010,4,Product 33,3
2010,4,Product 40,3
2010,4,Product 25,3
2010,4,Product 32,3
2010,4,Product 52,2
2010,4,Product 37,2
2010,4,Product 41,1
2010,4,Product 30,1
2010,5,Product 2,1591
2010,5,Product 1,1213
2010,5,Product 4,844
2010,5,Product 5,728
2010,5,Product 8,617
2010,5,Product 3,506
2010,5,Product 6,500
2010,5,Product 11,489
2010,5,Product 18,440
2010,5,Product 10,373
2010,5,Product 7,342
2010,5,Product 17,320
2010,5,Product 19,304
2010,5,Product 14,267
2010,5,Product 12,240
2010,5,Product 13,214
2010,5,Product 23,211
2010,5,Product 9,168
2010,5,Product 20,150
2010,5,Product 29,141
2010,5,Product 16,65
2010,5,Product 35,40
2010,5,Product 22,35
2010,5,Product 24,20
2010,5,Product 26,19
2010,5,Product 15,14
2010,5,Product 28,7
2010,5,Product 36,7
2010,5,Product 21,5
2010,5,Product 27,5
2010,5,Product 40,5
2010,5,Product 32,5
2010,5,Product 30,4
2010,5,Product 42,3
2010,5,Product 25,2
2010,5,Product 43,1
2010,5,Product 48,1
2010,6,Product 1,1488
2010,6,Product 2,1425
2010,6,Product 4,1241
2010,6,Product 5,882
2010,6,Product 8,535
2010,6,Product 6,534
2010,6,Product 3,528
2010,6,Product 11,515
2010,6,Product 7,488
2010,6,Product 18,479
2010,6,Product 19,464
2010,6,Product 12,407
2010,6,Product 10,356
2010,6,Product 17,325
2010,6,Product 9,290
2010,6,Product 23,253
2010,6,Product 14,198
2010,6,Product 13,178
2010,6,Product 20,140
2010,6,Product 29,102
2010,6,Product 16,73
2010,6,Product 22,34
2010,6,Product 26,26
2010,6,Product 40,22
2010,6,Product 24,20
2010,6,Product 15,19
2010,6,Product 28,18
2010,6,Product 31,15
2010,6,Product 35,13
2010,6,Product 32,12
2010,6,Product 27,8
2010,6,Product 36,8
2010,6,Product 21,7
2010,6,Product 43,4
2010,6,Product 52,4
2010,6,Product 25,3
2010,6,Product 42,3
2010,6,Product 44,1
2010,6,Product 39,1
2010,7,Product 2,1916
2010,7,Product 1,1694
2010,7,Product 5,1018
2010,7,Product 4,1013
2010,7,Product 8,659
2010,7,Product 3,635
2010,7,Product 6,622
2010,7,Product 19,472
2010,7,Product 11,442
2010,7,Product 18,410
2010,7,Product 10,372
2010,7,Product 7,341
2010,7,Product 17,297
2010,7,Product 23,279
2010,7,Product 12,251
2010,7,Product 13,248
2010,7,Product 14,205
2010,7,Product 20,153
2010,7,Product 9,140
2010,7,Product 29,89
2010,7,Product 16,59
2010,7,Product 26,56
2010,7,Product 15,34
2010,7,Product 22,19
2010,7,Product 40,16
2010,7,Product 35,11
2010,7,Product 24,11
2010,7,Product 36,11
2010,7,Product 21,7
2010,7,Product 28,7
2010,7,Product 27,6
2010,7,Product 32,5
2010,7,Product 31,5
2010,7,Product 25,1
2010,7,Product 42,1
2010,7,Product 30,1
2010,7,Product 47,1
2010,8,Product 1,1529
2010,8,Product 2,1458
2010,8,Product 4,1102
2010,8,Product 3,597
2010,8,Product 8,560
2010,8,Product 5,530
2010,8,Product 6,507
2010,8,Product 11,447
2010,8,Product 10,389
2010,8,Product 17,387
2010,8,Product 12,384
2010,8,Product 7,380
2010,8,Product 18,365
2010,8,Product 19,319
2010,8,Product 23,293
2010,8,Product 9,257
2010,8,Product 13,187
2010,8,Product 14,184
2010,8,Product 20,155
2010,8,Product 29,124
2010,8,Product 35,54
2010,8,Product 16,33
2010,8,Product 15,33
2010,8,Product 26,25
2010,8,Product 22,25
2010,8,Product 40,21
2010,8,Product 24,20
2010,8,Product 36,13
2010,8,Product 28,7
2010,8,Product 21,6
2010,8,Product 27,6
2010,8,Product 32,6
2010,8,Product 33,5
2010,8,Product 43,2
2010,8,Product 31,1
2010,8,Product 30,1
2010,8,Product 52,1
2010,8,Product 39,1
2010,9,Product 2,1575
2010,9,Product 1,1461
2010,9,Product 4,1190
2010,9,Product 5,827
2010,9,Product 3,690
2010,9,Product 17,681
2010,9,Product 6,559
2010,9,Product 11,556
2010,9,Product 8,467
2010,9,Product 18,441
2010,9,Product 10,403
2010,9,Product 19,338
2010,9,Product 23,338
2010,9,Product 14,280
2010,9,Product 12,268
2010,9,Product 7,260
2010,9,Product 13,200
2010,9,Product 9,198
2010,9,Product 20,123
2010,9,Product 29,77
2010,9,Product 35,48
2010,9,Product 22,36
2010,9,Product 15,23
2010,9,Product 40,23
2010,9,Product 26,17
2010,9,Product 16,12
2010,9,Product 27,11
2010,9,Product 36,10
2010,9,Product 24,9
2010,9,Product 28,7
2010,9,Product 32,2
2010,9,Product 30,2
2010,9,Product 21,1
2010,9,Product 33,1
2010,9,Product 25,1
2010,9,Product 52,1
2010,9,Product 45,1
2010,10,Product 2,1659
2010,10,Product 1,1379
2010,10,Product 5,922
2010,10,Product 4,887
2010,10,Product 3,638
2010,10,Product 6,603
2010,10,Product 8,526
2010,10,Product 11,517
2010,10,Product 18,475
2010,10,Product 17,465
2010,10,Product 10,380
2010,10,Product 12,337
2010,10,Product 19,312
2010,10,Product 7,309
2010,10,Product 23,249
2010,10,Product 14,216
2010,10,Product 13,205
2010,10,Product 9,143
2010,10,Product 20,123
2010,10,Product 29,110
2010,10,Product 15,47
2010,10,Product 16,45
2010,10,Product 35,38
2010,10,Product 22,31
2010,10,Product 26,18
2010,10,Product 40,14
2010,10,Product 36,13
2010,10,Product 32,6
2010,10,Product 27,5
2010,10,Product 24,3
2010,10,Product 28,3
2010,10,Product 52,2
2010,10,Product 21,1
2010,10,Product 33,1
2010,10,Product 47,1
2010,11,Product 2,1824
2010,11,Product 1,1511
2010,11,Product 4,1331
2010,11,Product 5,939
2010,11,Product 6,666
2010,11,Product 11,647
2010,11,Product 8,560
2010,11,Product 17,548
2010,11,Product 3,496
2010,11,Product 18,481
2010,11,Product 10,448
2010,11,Product 19,376
2010,11,Product 23,318
2010,11,Product 7,315
2010,11,Product 12,304
2010,11,Product 9,254
2010,11,Product 14,212
2010,11,Product 13,195
2010,11,Product 20,124
2010,11,Product 15,70
2010,11,Product 29,63
2010,11,Product 16,53
2010,11,Product 22,47
2010,11,Product 35,29
2010,11,Product 26,23
2010,11,Product 40,18
2010,11,Product 36,17
2010,11,Product 24,9
2010,11,Product 31,8
2010,11,Product 27,7
2010,11,Product 32,5
2010,11,Product 28,4
2010,11,Product 25,1
2010,11,Product 52,1
2010,11,Product 47,1
2010,11,Product 37,1
2010,11,Product 48,1
2010,11,Product 34,1
2010,12,Product 5,1314
2010,12,Product 2,1298
2010,12,Product 4,1226
2010,12,Product 1,668
2010,12,Product 6,590
2010,12,Product 8,526
2010,12,Product 17,525
2010,12,Product 11,502
2010,12,Product 10,463
2010,12,Product 3,398
2010,12,Product 18,316
2010,12,Product 12,315
2010,12,Product 9,301
2010,12,Product 19,276
2010,12,Product 23,246
2010,12,Product 7,242
2010,12,Product 14,221
2010,12,Product 13,220
2010,12,Product 29,93
2010,12,Product 20,79
2010,12,Product 15,76
2010,12,Product 16,53
2010,12,Product 26,49
2010,12,Product 22,41
2010,12,Product 40,25
2010,12,Product 28,19
2010,12,Product 35,18
2010,12,Product 36,10
2010,12,Product 24,7
2010,12,Product 27,7
2010,12,Product 32,5
2010,12,Product 33,2
2010,12,Product 52,2
2010,12,Product 37,2
2010,12,Product 25,1
2011,1,Product 2,1665
2011,1,Product 1,1557
2011,1,Product 4,840
2011,1,Product 5,656
2011,1,Product 3,548
2011,1,Product 6,516
2011,1,Product 18,509
2011,1,Product 11,463
2011,1,Product 13,424
2011,1,Product 8,421
2011,1,Product 17,409
2011,1,Product 19,383
2011,1,Product 7,375
2011,1,Product 10,361
2011,1,Product 12,291
2011,1,Product 23,194
2011,1,Product 9,164
2011,1,Product 20,146
2011,1,Product 14,132
2011,1,Product 26,62
2011,1,Product 16,62
2011,1,Product 22,49
2011,1,Product 29,39
2011,1,Product 15,34
2011,1,Product 24,17
2011,1,Product 40,15
2011,1,Product 35,12
2011,1,Product 36,11
2011,1,Product 27,6
2011,1,Product 32,3
2011,1,Product 30,2
2011,1,Product 34,2
2011,1,Product 25,1
2011,1,Product 33,1
2011,1,Product 28,1
2011,1,Product 52,1
2011,2,Product 2,1501
2011,2,Product 1,1270
2011,2,Product 4,997
2011,2,Product 5,932
2011,2,Product 8,633
2011,2,Product 6,601
2011,2,Product 17,488
2011,2,Product 11,483
2011,2,Product 18,481
2011,2,Product 3,463
2011,2,Product 19,401
2011,2,Product 7,367
2011,2,Product 10,342
2011,2,Product 13,254
2011,2,Product 12,252
2011,2,Product 23,237
2011,2,Product 20,192
2011,2,Product 14,175
2011,2,Product 9,146
2011,2,Product 29,63
2011,2,Product 15,58
2011,2,Product 22,45
2011,2,Product 35,39
2011,2,Product 26,38
2011,2,Product 16,33
2011,2,Product 40,13
2011,2,Product 36,12
2011,2,Product 27,7
2011,2,Product 34,5
2011,2,Product 24,4
2011,2,Product 32,4
2011,2,Product 28,3
2011,2,Product 25,2
2011,2,Product 30,1
2011,2,Product 52,1
2011,3,Product 2,1908
2011,3,Product 1,1604
2011,3,Product 4,1105
2011,3,Product 5,1104
2011,3,Product 17,872
2011,3,Product 3,701
2011,3,Product 8,676
2011,3,Product 6,546
2011,3,Product 11,540
2011,3,Product 7,526
2011,3,Product 18,525
2011,3,Product 19,508
2011,3,Product 23,334
2011,3,Product 13,318
2011,3,Product 12,316
2011,3,Product 10,311
2011,3,Product 9,265
2011,3,Product 20,184
2011,3,Product 14,122
2011,3,Product 15,76
2011,3,Product 24,73
2011,3,Product 16,67
2011,3,Product 26,53
2011,3,Product 29,52
2011,3,Product 22,51
2011,3,Product 35,14
2011,3,Product 40,10
2011,3,Product 36,9
2011,3,Product 27,7
2011,3,Product 28,7
2011,3,Product 32,6
2011,3,Product 52,5
2011,3,Product 47,2
2011,3,Product 34,1
2011,3,Product 25,1
2011,3,Product 42,1
2011,3,Product 37,1
2011,4,Product 2,1845
2011,4,Product 1,1253
2011,4,Product 17,987
2011,4,Product 5,878
2011,4,Product 4,835
2011,4,Product 8,653
2011,4,Product 6,653
2011,4,Product 3,595
2011,4,Product 11,521
2011,4,Product 18,467
2011,4,Product 7,407
2011,4,Product 10,358
2011,4,Product 19,357
2011,4,Product 12,262
2011,4,Product 13,241
2011,4,Product 14,169
2011,4,Product 20,165
2011,4,Product 23,143
2011,4,Product 9,143
2011,4,Product 24,69
2011,4,Product 16,67
2011,4,Product 22,61
2011,4,Product 15,54
2011,4,Product 29,47
2011,4,Product 26,33
2011,4,Product 37,24
2011,4,Product 28,9
2011,4,Product 36,7
2011,4,Product 35,6
2011,4,Product 40,6
2011,4,Product 27,4
2011,4,Product 32,3
2011,4,Product 52,3
2011,4,Product 25,2
2011,4,Product 42,2
2011,4,Product 54,1
2011,5,Product 2,1822
2011,5,Product 1,1306
2011,5,Product 5,1084
2011,5,Product 4,1067
2011,5,Product 3,1018
2011,5,Product 17,827
2011,5,Product 8,720
2011,5,Product 11,714
2011,5,Product 6,585
2011,5,Product 7,561
2011,5,Product 18,537
2011,5,Product 10,463
2011,5,Product 19,447
2011,5,Product 12,374
2011,5,Product 20,239
2011,5,Product 9,218
2011,5,Product 13,211
2011,5,Product 14,178
2011,5,Product 23,175
2011,5,Product 16,120
2011,5,Product 29,75
2011,5,Product 22,67
2011,5,Product 26,61
2011,5,Product 24,41
2011,5,Product 15,24
2011,5,Product 37,19
2011,5,Product 35,14
2011,5,Product 40,13
2011,5,Product 28,8
2011,5,Product 36,7
2011,5,Product 52,4
2011,5,Product 27,1
2011,5,Product 34,1
2011,5,Product 25,1
2011,5,Product 47,1
2011,5,Product 48,1
2011,5,Product 43,1
2011,6,Product 2,1222
2011,6,Product 4,1085
2011,6,Product 1,876
2011,6,Product 5,853
2011,6,Product 8,658
2011,6,Product 6,623
2011,6,Product 17,578
2011,6,Product 3,571
2011,6,Product 11,533
2011,6,Product 19,522
2011,6,Product 7,423
2011,6,Product 18,418
2011,6,Product 10,394
2011,6,Product 12,345
2011,6,Product 9,232
2011,6,Product 13,203
2011,6,Product 14,173
2011,6,Product 20,171
2011,6,Product 23,122
2011,6,Product 16,79
2011,6,Product 29,67
2011,6,Product 22,57
2011,6,Product 26,34
2011,6,Product 35,26
2011,6,Product 24,22
2011,6,Product 15,19
2011,6,Product 40,17
2011,6,Product 36,8
2011,6,Product 37,6
2011,6,Product 28,4
2011,6,Product 52,4
2011,6,Product 27,3
2011,6,Product 32,2
2011,6,Product 42,1
2011,6,Product 33,1
2011,6,Product 43,1
2011,6,Product 45,1
2011,7,Product 2,1590
2011,7,Product 1,1325
2011,7,Product 5,1134
2011,7,Product 4,901
2011,7,Product 17,707
2011,7,Product 6,646
2011,7,Product 3,635
2011,7,Product 8,630
2011,7,Product 11,496
2011,7,Product 18,456
2011,7,Product 7,419
2011,7,Product 10,403
2011,7,Product 19,341
2011,7,Product 12,307
2011,7,Product 13,252
2011,7,Product 20,192
2011,7,Product 14,165
2011,7,Product 23,141
2011,7,Product 9,101
2011,7,Product 22,86
2011,7,Product 16,83
2011,7,Product 29,51
2011,7,Product 26,45
2011,7,Product 24,24
2011,7,Product 40,15
2011,7,Product 37,10
2011,7,Product 15,7
2011,7,Product 36,6
2011,7,Product 28,6
2011,7,Product 32,5
2011,7,Product 35,3
2011,7,Product 52,3
2011,7,Product 34,2
2011,7,Product 27,1
2011,7,Product 25,1
2011,8,Product 2,1827
2011,8,Product 1,1284
2011,8,Product 4,1248
2011,8,Product 5,687
2011,8,Product 6,648
2011,8,Product 17,635
2011,8,Product 19,622
2011,8,Product 8,588
2011,8,Product 3,557
2011,8,Product 11,449
2011,8,Product 18,403
2011,8,Product 7,400
2011,8,Product 10,375
2011,8,Product 13,300
2011,8,Product 12,283
2011,8,Product 20,241
2011,8,Product 23,190
2011,8,Product 9,181
2011,8,Product 14,134
2011,8,Product 22,87
2011,8,Product 16,82
2011,8,Product 29,69
2011,8,Product 24,53
2011,8,Product 26,50
2011,8,Product 40,20
2011,8,Product 15,10
2011,8,Product 36,9
2011,8,Product 28,9
2011,8,Product 35,6
2011,8,Product 37,6
2011,8,Product 25,3
2011,8,Product 54,2
2011,8,Product 27,1
2011,8,Product 32,1
2011,8,Product 52,1
2011,8,Product 42,1
2011,8,Product 43,1
2011,8,Product 55,1
2011,9,Product 2,1674
2011,9,Product 1,1313
2011,9,Product 5,1178
2011,9,Product 4,1107
2011,9,Product 3,729
2011,9,Product 6,691
2011,9,Product 8,581
2011,9,Product 18,548
2011,9,Product 17,537
2011,9,Product 11,531
2011,9,Product 19,450
2011,9,Product 10,363
2011,9,Product 7,326
2011,9,Product 12,290
2011,9,Product 13,267
2011,9,Product 20,237
2011,9,Product 9,199
2011,9,Product 23,178
2011,9,Product 14,107
2011,9,Product 22,85
2011,9,Product 29,73
2011,9,Product 24,70
2011,9,Product 16,65
2011,9,Product 26,41
2011,9,Product 28,24
2011,9,Product 37,15
2011,9,Product 15,10
2011,9,Product 40,10
2011,9,Product 36,10
2011,9,Product 32,10
2011,9,Product 35,5
2011,9,Product 42,4
2011,9,Product 25,2
2011,9,Product 33,2
2011,9,Product 27,1
2011,9,Product 52,1
2011,9,Product 31,1
2011,9,Product 56,1
2011,9,Product 57,1
2011,10,Product 2,1854
2011,10,Product 1,1218
2011,10,Product 4,1147
2011,10,Product 5,1061
2011,10,Product 6,770
2011,10,Product 11,639
2011,10,Product 8,587
2011,10,Product 3,535
2011,10,Product 17,502
2011,10,Product 18,438
2011,10,Product 19,432
2011,10,Product 10,373
2011,10,Product 12,370
2011,10,Product 7,308
2011,10,Product 23,242
2011,10,Product 13,224
2011,10,Product 20,200
2011,10,Product 9,131
2011,10,Product 14,97
2011,10,Product 22,83
2011,10,Product 29,74
2011,10,Product 24,57
2011,10,Product 16,55
2011,10,Product 28,49
2011,10,Product 26,27
2011,10,Product 40,18
2011,10,Product 31,12
2011,10,Product 37,11
2011,10,Product 35,8
2011,10,Product 36,5
2011,10,Product 25,4
2011,10,Product 15,4
2011,10,Product 32,2
2011,10,Product 54,2
2011,10,Product 33,1
2011,10,Product 52,1
2011,10,Product 27,1
2011,10,Product 56,1
2011,11,Product 2,1960
2011,11,Product 1,1298
2011,11,Product 4,1282
2011,11,Product 5,1193
2011,11,Product 17,702
2011,11,Product 3,622
2011,11,Product 18,618
2011,11,Product 8,601
2011,11,Product 6,593
2011,11,Product 11,591
2011,11,Product 19,543
2011,11,Product 10,406
2011,11,Product 7,339
2011,11,Product 12,302
2011,11,Product 13,250
2011,11,Product 20,246
2011,11,Product 23,190
2011,11,Product 14,166
2011,11,Product 9,106
2011,11,Product 16,77
2011,11,Product 22,63
2011,11,Product 29,53
2011,11,Product 28,49
2011,11,Product 24,31
2011,11,Product 26,26
2011,11,Product 40,14
2011,11,Product 37,9
2011,11,Product 31,7
2011,11,Product 32,6
2011,11,Product 36,4
2011,11,Product 35,2
2011,11,Product 25,2
2011,11,Product 34,2
2011,11,Product 42,2
2011,11,Product 27,1
2011,11,Product 52,1
2011,12,Product 2,2030
2011,12,Product 4,1377
2011,12,Product 5,1235
2011,12,Product 1,932
2011,12,Product 6,748
2011,12,Product 8,603
2011,12,Product 17,598
2011,12,Product 19,498
2011,12,Product 3,453
2011,12,Product 18,432
2011,12,Product 20,401
2011,12,Product 10,395
2011,12,Product 11,328
2011,12,Product 12,274
2011,12,Product 7,265
2011,12,Product 23,221
2011,12,Product 14,144
2011,12,Product 13,138
2011,12,Product 9,122
2011,12,Product 16,90
2011,12,Product 22,79
2011,12,Product 28,46
2011,12,Product 29,43
2011,12,Product 26,34
2011,12,Product 24,16
2011,12,Product 37,10
2011,12,Product 40,8
2011,12,Product 33,7
2011,12,Product 36,6
2011,12,Product 32,4
2011,12,Product 52,3
2011,12,Product 25,3
2011,12,Product 15,2
2011,12,Product 35,2
2011,12,Product 27,1
2011,12,Product 31,1
2011,12,Product 39,1
2012,1,Product 2,1528
2012,1,Product 1,1388
2012,1,Product 5,911
2012,1,Product 4,828
2012,1,Product 8,789
2012,1,Product 11,721
2012,1,Product 18,673
2012,1,Product 3,493
2012,1,Product 10,461
2012,1,Product 6,430
2012,1,Product 17,406
2012,1,Product 7,327
2012,1,Product 19,312
2012,1,Product 20,302
2012,1,Product 13,250
2012,1,Product 12,239
2012,1,Product 23,168
2012,1,Product 14,122
2012,1,Product 24,94
2012,1,Product 22,86
2012,1,Product 28,69
2012,1,Product 9,58
2012,1,Product 40,46
2012,1,Product 29,41
2012,1,Product 16,41
2012,1,Product 26,20
2012,1,Product 33,19
2012,1,Product 37,4
2012,1,Product 36,3
2012,1,Product 52,2
2012,1,Product 42,1
2012,1,Product 44,1
2012,1,Product 41,1
2012,1,Product 25,1
2012,1,Product 48,1
2012,1,Product 32,1
2012,1,Product 15,1
2012,2,Product 1,1465
2012,2,Product 2,1340
2012,2,Product 4,862
2012,2,Product 5,800
2012,2,Product 8,641
2012,2,Product 18,614
2012,2,Product 11,598
2012,2,Product 6,543
2012,2,Product 3,527
2012,2,Product 19,485
2012,2,Product 10,429
2012,2,Product 20,424
2012,2,Product 17,369
2012,2,Product 12,331
2012,2,Product 7,321
2012,2,Product 23,312
2012,2,Product 13,171
2012,2,Product 9,145
2012,2,Product 14,144
2012,2,Product 28,100
2012,2,Product 22,77
2012,2,Product 16,60
2012,2,Product 29,46
2012,2,Product 24,33
2012,2,Product 26,27
2012,2,Product 33,21
2012,2,Product 40,20
2012,2,Product 37,3
2012,2,Product 36,3
2012,2,Product 32,3
2012,2,Product 25,2
2012,2,Product 15,2
2012,2,Product 44,1
2012,2,Product 41,1
2012,2,Product 48,1
2012,2,Product 54,1
2012,2,Product 58,1
2012,2,Product 34,1
2012,2,Product 35,1
2012,3,Product 1,1834
2012,3,Product 2,1701
2012,3,Product 4,1255
2012,3,Product 5,1127
2012,3,Product 8,747
2012,3,Product 11,672
2012,3,Product 18,669
2012,3,Product 19,602
2012,3,Product 6,531
2012,3,Product 10,518
2012,3,Product 3,484
2012,3,Product 17,437
2012,3,Product 20,411
2012,3,Product 7,376
2012,3,Product 23,315
2012,3,Product 12,313
2012,3,Product 13,229
2012,3,Product 14,192
2012,3,Product 9,161
2012,3,Product 28,87
2012,3,Product 29,80
2012,3,Product 22,65
2012,3,Product 16,65
2012,3,Product 24,52
2012,3,Product 26,48
2012,3,Product 40,20
2012,3,Product 33,20
2012,3,Product 32,17
2012,3,Product 37,5
2012,3,Product 36,5
2012,3,Product 52,4
2012,3,Product 35,3
2012,3,Product 25,2
2012,3,Product 43,2
2012,3,Product 15,1
2012,3,Product 48,1
2012,4,Product 2,2107
2012,4,Product 1,1364
2012,4,Product 5,928
2012,4,Product 4,741
2012,4,Product 8,703
2012,4,Product 6,652
2012,4,Product 11,625
2012,4,Product 18,436
2012,4,Product 10,415
2012,4,Product 17,396
2012,4,Product 19,392
2012,4,Product 3,391
2012,4,Product 20,338
2012,4,Product 7,301
2012,4,Product 12,204
2012,4,Product 14,183
2012,4,Product 23,174
2012,4,Product 13,114
2012,4,Product 9,84
2012,4,Product 22,67
2012,4,Product 28,65
2012,4,Product 29,47
2012,4,Product 24,39
2012,4,Product 16,34
2012,4,Product 40,23
2012,4,Product 33,20
2012,4,Product 26,19
2012,4,Product 52,4
2012,4,Product 36,3
2012,4,Product 35,2
2012,4,Product 37,1
2012,4,Product 43,1
2012,4,Product 42,1
2012,4,Product 54,1
2012,4,Product 38,1
2012,5,Product 2,1712
2012,5,Product 1,1508
2012,5,Product 5,1099
2012,5,Product 4,1019
2012,5,Product 8,825
2012,5,Product 19,683
2012,5,Product 11,670
2012,5,Product 3,655
2012,5,Product 18,589
2012,5,Product 17,477
2012,5,Product 6,469
2012,5,Product 20,455
2012,5,Product 10,449
2012,5,Product 12,338
2012,5,Product 23,321
2012,5,Product 7,318
2012,5,Product 14,225
2012,5,Product 13,198
2012,5,Product 9,167
2012,5,Product 22,103
2012,5,Product 28,58
2012,5,Product 16,57
2012,5,Product 24,52
2012,5,Product 29,51
2012,5,Product 40,32
2012,5,Product 33,29
2012,5,Product 26,27
2012,5,Product 36,9
2012,5,Product 32,3
2012,5,Product 52,3
2012,5,Product 37,2
2012,5,Product 25,2
2012,5,Product 15,2
2012,5,Product 35,1
2012,5,Product 41,1
2012,5,Product 59,1
2012,5,Product 31,1
2012,5,Product 60,1
2012,6,Product 2,1480
2012,6,Product 1,1264
2012,6,Product 4,1120
2012,6,Product 5,890
2012,6,Product 11,621
2012,6,Product 8,578
2012,6,Product 6,573
2012,6,Product 19,522
2012,6,Product 3,516
2012,6,Product 18,477
2012,6,Product 20,380
2012,6,Product 10,355
2012,6,Product 12,347
2012,6,Product 17,340
2012,6,Product 14,303
2012,6,Product 7,292
2012,6,Product 23,274
2012,6,Product 9,191
2012,6,Product 13,137
2012,6,Product 16,110
2012,6,Product 22,56
2012,6,Product 28,52
2012,6,Product 29,46
2012,6,Product 24,35
2012,6,Product 40,30
2012,6,Product 33,17
2012,6,Product 26,16
2012,6,Product 52,5
2012,6,Product 32,4
2012,6,Product 36,4
2012,6,Product 37,4
2012,6,Product 25,2
2012,6,Product 59,2
2012,6,Product 34,2
2012,6,Product 35,1
2012,6,Product 15,1
2012,6,Product 48,1
2012,6,Product 43,1
2012,6,Product 54,1
2012,6,Product 31,1
2012,6,Product 38,1
2012,6,Product 47,1
2012,7,Product 2,2031
2012,7,Product 1,1342
2012,7,Product 5,917
2012,7,Product 4,841
2012,7,Product 8,836
2012,7,Product 6,781
2012,7,Product 18,595
2012,7,Product 11,537
2012,7,Product 3,512
2012,7,Product 19,478
2012,7,Product 20,404
2012,7,Product 10,380
2012,7,Product 17,374
2012,7,Product 23,371
2012,7,Product 14,319
2012,7,Product 7,316
2012,7,Product 12,286
2012,7,Product 13,135
2012,7,Product 9,105
2012,7,Product 29,68
2012,7,Product 16,66
2012,7,Product 28,47
2012,7,Product 22,46
2012,7,Product 24,44
2012,7,Product 40,38
2012,7,Product 26,17
2012,7,Product 33,15
2012,7,Product 37,5
2012,7,Product 52,3
2012,7,Product 15,2
2012,7,Product 47,2
2012,7,Product 32,1
2012,7,Product 36,1
2012,7,Product 25,1
2012,7,Product 35,1
2012,7,Product 59,1
2012,7,Product 42,1
2012,7,Product 38,1
2012,8,Product 2,1873
2012,8,Product 1,1547
2012,8,Product 4,911
2012,8,Product 8,767
2012,8,Product 3,657
2012,8,Product 6,643
2012,8,Product 5,609
2012,8,Product 11,579
2012,8,Product 18,553
2012,8,Product 20,464
2012,8,Product 10,457
2012,8,Product 19,432
2012,8,Product 23,361
2012,8,Product 12,348
2012,8,Product 17,341
2012,8,Product 7,266
2012,8,Product 14,248
2012,8,Product 13,164
2012,8,Product 9,162
2012,8,Product 29,69
2012,8,Product 22,61
2012,8,Product 16,59
2012,8,Product 28,49
2012,8,Product 24,42
2012,8,Product 26,39
2012,8,Product 40,34
2012,8,Product 33,21
2012,8,Product 36,9
2012,8,Product 35,5
2012,8,Product 61,5
2012,8,Product 32,4
2012,8,Product 52,3
2012,8,Product 37,2
2012,8,Product 25,1
2012,8,Product 15,1
2012,8,Product 44,1
2012,8,Product 21,1
2012,8,Product 62,1
2012,8,Product 51,1
2012,9,Product 2,1445
2012,9,Product 1,1387
2012,9,Product 5,945
2012,9,Product 4,930
2012,9,Product 8,578
2012,9,Product 18,575
2012,9,Product 11,572
2012,9,Product 10,501
2012,9,Product 3,490
2012,9,Product 20,471
2012,9,Product 6,463
2012,9,Product 17,429
2012,9,Product 23,400
2012,9,Product 19,399
2012,9,Product 12,389
2012,9,Product 14,319
2012,9,Product 7,299
2012,9,Product 13,176
2012,9,Product 9,117
2012,9,Product 22,61
2012,9,Product 29,47
2012,9,Product 16,30
2012,9,Product 24,25
2012,9,Product 26,24
2012,9,Product 40,16
2012,9,Product 28,15
2012,9,Product 33,11
2012,9,Product 36,5
2012,9,Product 37,4
2012,9,Product 52,3
2012,9,Product 35,3
2012,9,Product 39,2
2012,9,Product 25,1
2012,9,Product 42,1
2012,9,Product 34,1
2012,10,Product 2,1848
2012,10,Product 1,1640
2012,10,Product 4,1017
2012,10,Product 5,969
2012,10,Product 11,686
2012,10,Product 3,669
2012,10,Product 8,654
2012,10,Product 6,611
2012,10,Product 18,599
2012,10,Product 10,466
2012,10,Product 20,458
2012,10,Product 19,432
2012,10,Product 17,381
2012,10,Product 14,341
2012,10,Product 23,334
2012,10,Product 7,319
2012,10,Product 12,280
2012,10,Product 13,176
2012,10,Product 9,143
2012,10,Product 22,98
2012,10,Product 29,57
2012,10,Product 16,56
2012,10,Product 28,39
2012,10,Product 24,39
2012,10,Product 40,31
2012,10,Product 26,27
2012,10,Product 33,24
2012,10,Product 25,4
2012,10,Product 36,3
2012,10,Product 52,3
2012,10,Product 32,2
2012,10,Product 37,2
2012,10,Product 61,2
2012,10,Product 43,1
2012,10,Product 34,1
2012,10,Product 44,1
2012,11,Product 2,2064
2012,11,Product 1,1380
2012,11,Product 5,1090
2012,11,Product 4,741
2012,11,Product 8,702
2012,11,Product 11,640
2012,11,Product 18,567
2012,11,Product 20,560
2012,11,Product 3,539
2012,11,Product 10,523
2012,11,Product 6,517
2012,11,Product 17,396
2012,11,Product 19,371
2012,11,Product 7,323
2012,11,Product 23,305
2012,11,Product 12,282
2012,11,Product 14,261
2012,11,Product 13,207
2012,11,Product 9,205
2012,11,Product 22,77
2012,11,Product 29,55
2012,11,Product 25,39
2012,11,Product 16,34
2012,11,Product 28,33
2012,11,Product 24,24
2012,11,Product 40,19
2012,11,Product 26,13
2012,11,Product 33,7
2012,11,Product 32,6
2012,11,Product 59,2
2012,11,Product 37,1
2012,11,Product 15,1
2012,11,Product 41,1
2012,11,Product 51,1
2012,12,Product 2,1378
2012,12,Product 5,1265
2012,12,Product 1,784
2012,12,Product 4,742
2012,12,Product 10,662
2012,12,Product 6,580
2012,12,Product 8,501
2012,12,Product 19,449
2012,12,Product 11,404
2012,12,Product 18,311
2012,12,Product 17,308
2012,12,Product 3,276
2012,12,Product 14,270
2012,12,Product 20,250
2012,12,Product 12,226
2012,12,Product 23,224
2012,12,Product 9,193
2012,12,Product 7,158
2012,12,Product 13,103
2012,12,Product 28,70
2012,12,Product 22,59
2012,12,Product 16,45
2012,12,Product 29,24
2012,12,Product 25,22
2012,12,Product 40,19
2012,12,Product 24,14
2012,12,Product 26,6
2012,12,Product 32,6
2012,12,Product 33,5
2012,12,Product 36,3
2012,12,Product 37,3
2012,12,Product 54,3
2012,12,Product 52,2
2012,12,Product 35,1
2012,12,Product 61,1
2012,12,Product 41,1
2012,12,Product 63,1
2013,1,Product 2,1680
2013,1,Product 1,1287
2013,1,Product 5,857
2013,1,Product 4,679
2013,1,Product 11,652
2013,1,Product 14,646
2013,1,Product 3,639
2013,1,Product 18,626
2013,1,Product 17,601
2013,1,Product 8,597
2013,1,Product 10,485
2013,1,Product 20,444
2013,1,Product 7,397
2013,1,Product 6,388
2013,1,Product 19,321
2013,1,Product 12,274
2013,1,Product 9,242
2013,1,Product 23,238
2013,1,Product 13,176
2013,1,Product 22,86
2013,1,Product 16,57
2013,1,Product 28,45
2013,1,Product 24,44
2013,1,Product 25,40
2013,1,Product 40,34
2013,1,Product 29,29
2013,1,Product 54,28
2013,1,Product 26,17
2013,1,Product 32,14
2013,1,Product 33,11
2013,1,Product 34,2
2013,1,Product 36,1
2013,1,Product 37,1
2013,1,Product 35,1
2013,2,Product 2,1592
2013,2,Product 1,1500
2013,2,Product 5,826
2013,2,Product 4,800
2013,2,Product 8,641
2013,2,Product 14,604
2013,2,Product 10,563
2013,2,Product 18,560
2013,2,Product 11,533
2013,2,Product 6,481
2013,2,Product 3,448
2013,2,Product 20,441
2013,2,Product 17,428
2013,2,Product 9,332
2013,2,Product 19,309
2013,2,Product 7,308
2013,2,Product 23,270
2013,2,Product 12,199
2013,2,Product 13,154
2013,2,Product 29,56
2013,2,Product 22,54
2013,2,Product 28,53
2013,2,Product 24,37
2013,2,Product 16,32
2013,2,Product 25,30
2013,2,Product 54,23
2013,2,Product 40,20
2013,2,Product 26,7
2013,2,Product 33,7
2013,2,Product 32,3
2013,2,Product 37,3
2013,2,Product 61,3
2013,2,Product 35,1
2013,2,Product 42,1
2013,2,Product 44,1
2013,2,Product 59,1
2013,2,Product 15,1
2013,3,Product 2,1440
2013,3,Product 1,1301
2013,3,Product 5,826
2013,3,Product 4,666
2013,3,Product 18,620
2013,3,Product 14,594
2013,3,Product 8,488
2013,3,Product 17,488
2013,3,Product 6,484
2013,3,Product 11,473
2013,3,Product 19,469
2013,3,Product 10,460
2013,3,Product 3,390
2013,3,Product 7,377
2013,3,Product 20,341
2013,3,Product 9,298
2013,3,Product 23,284
2013,3,Product 12,187
2013,3,Product 13,169
2013,3,Product 28,82
2013,3,Product 22,59
2013,3,Product 16,56
2013,3,Product 29,47
2013,3,Product 24,31
2013,3,Product 25,28
2013,3,Product 40,24
2013,3,Product 54,18
2013,3,Product 26,9
2013,3,Product 32,7
2013,3,Product 36,7
2013,3,Product 37,5
2013,3,Product 33,4
2013,3,Product 34,2
2013,3,Product 52,1
2013,4,Product 2,2200
2013,4,Product 1,1645
2013,4,Product 5,1060
2013,4,Product 8,987
2013,4,Product 4,950
2013,4,Product 18,814
2013,4,Product 10,705
2013,4,Product 17,648
2013,4,Product 11,646
2013,4,Product 6,625
2013,4,Product 7,463
2013,4,Product 19,454
2013,4,Product 3,444
2013,4,Product 20,444
2013,4,Product 14,414
2013,4,Product 23,325
2013,4,Product 12,279
2013,4,Product 9,250
2013,4,Product 13,163
2013,4,Product 22,95
2013,4,Product 16,80
2013,4,Product 29,77
2013,4,Product 40,49
2013,4,Product 24,40
2013,4,Product 25,35
2013,4,Product 28,29
2013,4,Product 54,25
2013,4,Product 26,13
2013,4,Product 32,10
2013,4,Product 33,7
2013,4,Product 36,3
2013,4,Product 37,2
2013,4,Product 41,2
2013,4,Product 43,2
2013,4,Product 35,1
2013,4,Product 42,1
2013,4,Product 52,1
2013,5,Product 1,1635
2013,5,Product 2,1351
2013,5,Product 4,1010
2013,5,Product 5,938
2013,5,Product 8,699
2013,5,Product 11,662
2013,5,Product 18,645
2013,5,Product 17,616
2013,5,Product 10,592
2013,5,Product 3,491
2013,5,Product 19,468
2013,5,Product 6,464
2013,5,Product 20,409
2013,5,Product 7,372
2013,5,Product 14,338
2013,5,Product 23,300
2013,5,Product 9,230
2013,5,Product 12,224
2013,5,Product 13,152
2013,5,Product 22,97
2013,5,Product 29,79
2013,5,Product 16,73
2013,5,Product 28,36
2013,5,Product 24,34
2013,5,Product 25,26
2013,5,Product 40,25
2013,5,Product 54,15
2013,5,Product 26,10
2013,5,Product 32,7
2013,5,Product 33,7
2013,5,Product 37,3
2013,5,Product 36,1
2013,5,Product 34,1
2013,5,Product 15,1
2013,5,Product 21,1
2013,6,Product 2,1482
2013,6,Product 1,1450
2013,6,Product 4,1084
2013,6,Product 5,692
2013,6,Product 18,633
2013,6,Product 8,579
2013,6,Product 17,539
2013,6,Product 11,494
2013,6,Product 19,484
2013,6,Product 14,465
2013,6,Product 6,434
2013,6,Product 3,371
2013,6,Product 20,348
2013,6,Product 10,339
2013,6,Product 23,281
2013,6,Product 12,250
2013,6,Product 7,245
2013,6,Product 9,223
2013,6,Product 13,148
2013,6,Product 29,97
2013,6,Product 22,72
2013,6,Product 25,67
2013,6,Product 16,44
2013,6,Product 24,35
2013,6,Product 28,29
2013,6,Product 26,21
2013,6,Product 40,17
2013,6,Product 54,12
2013,6,Product 32,4
2013,6,Product 34,4
2013,6,Product 33,2
2013,6,Product 37,1
2013,6,Product 36,1
2013,6,Product 35,1
2013,7,Product 1,1627
2013,7,Product 2,1556
2013,7,Product 5,901
2013,7,Product 4,825
2013,7,Product 8,687
2013,7,Product 18,648
2013,7,Product 14,644
2013,7,Product 11,513
2013,7,Product 6,502
2013,7,Product 17,455
2013,7,Product 10,418
2013,7,Product 20,413
2013,7,Product 3,361
2013,7,Product 19,344
2013,7,Product 23,301
2013,7,Product 7,220
2013,7,Product 12,212
2013,7,Product 9,121
2013,7,Product 13,114
2013,7,Product 16,91
2013,7,Product 22,79
2013,7,Product 25,54
2013,7,Product 24,53
2013,7,Product 29,52
2013,7,Product 40,43
2013,7,Product 28,26
2013,7,Product 26,18
2013,7,Product 54,14
2013,7,Product 33,5
2013,7,Product 52,5
2013,7,Product 32,3
2013,7,Product 36,3
2013,7,Product 43,2
2013,7,Product 37,1
2013,7,Product 42,1
2013,8,Product 1,1666
2013,8,Product 2,1551
2013,8,Product 4,897
2013,8,Product 18,725
2013,8,Product 8,645
2013,8,Product 14,628
2013,8,Product 11,620
2013,8,Product 5,581
2013,8,Product 3,563
2013,8,Product 6,543
2013,8,Product 10,513
2013,8,Product 20,402
2013,8,Product 17,387
2013,8,Product 19,343
2013,8,Product 7,238
2013,8,Product 23,208
2013,8,Product 52,185
2013,8,Product 9,182
2013,8,Product 12,165
2013,8,Product 13,122
2013,8,Product 16,119
2013,8,Product 22,88
2013,8,Product 24,69
2013,8,Product 25,64
2013,8,Product 29,51
2013,8,Product 40,34
2013,8,Product 28,28
2013,8,Product 26,21
2013,8,Product 54,13
2013,8,Product 33,4
2013,8,Product 32,3
2013,8,Product 36,1
2013,8,Product 37,1
2013,9,Product 1,1548
2013,9,Product 2,1512
2013,9,Product 5,1098
2013,9,Product 4,733
2013,9,Product 11,681
2013,9,Product 6,679
2013,9,Product 52,616
2013,9,Product 18,615
2013,9,Product 14,584
2013,9,Product 8,554
2013,9,Product 20,480
2013,9,Product 17,418
2013,9,Product 10,415
2013,9,Product 3,402
2013,9,Product 19,337
2013,9,Product 23,265
2013,9,Product 7,250
2013,9,Product 13,199
2013,9,Product 9,196
2013,9,Product 12,181
2013,9,Product 28,73
2013,9,Product 22,68
2013,9,Product 16,62
2013,9,Product 25,60
2013,9,Product 24,47
2013,9,Product 29,42
2013,9,Product 40,17
2013,9,Product 26,11
2013,9,Product 54,10
2013,9,Product 36,5
2013,9,Product 33,4
2013,9,Product 61,2
2013,9,Product 32,1
2013,9,Product 37,1
2013,9,Product 64,1
2013,9,Product 38,1
2013,10,Product 1,1890
2013,10,Product 2,1550
2013,10,Product 5,1147
2013,10,Product 18,1075
2013,10,Product 4,864
2013,10,Product 6,773
2013,10,Product 8,664
2013,10,Product 11,579
2013,10,Product 3,463
2013,10,Product 20,459
2013,10,Product 14,449
2013,10,Product 10,444
2013,10,Product 17,401
2013,10,Product 13,380
2013,10,Product 19,303
2013,10,Product 23,285
2013,10,Product 7,202
2013,10,Product 12,180
2013,10,Product 9,171
2013,10,Product 22,120
2013,10,Product 16,109
2013,10,Product 52,98
2013,10,Product 24,68
2013,10,Product 25,55
2013,10,Product 28,53
2013,10,Product 29,35
2013,10,Product 40,20
2013,10,Product 26,17
2013,10,Product 33,13
2013,10,Product 54,10
2013,10,Product 32,8
2013,10,Product 36,4
2013,10,Product 37,3
2013,10,Product 44,1
2013,11,Product 2,1735
2013,11,Product 1,1454
2013,11,Product 5,1053
2013,11,Product 6,789
2013,11,Product 4,733
2013,11,Product 18,729
2013,11,Product 11,586
2013,11,Product 52,527
2013,11,Product 8,495
2013,11,Product 10,494
2013,11,Product 20,478
2013,11,Product 14,455
2013,11,Product 3,436
2013,11,Product 17,378
2013,11,Product 13,272
2013,11,Product 23,236
2013,11,Product 19,211
2013,11,Product 7,208
2013,11,Product 9,189
2013,11,Product 12,181
2013,11,Product 22,108
2013,11,Product 16,93
2013,11,Product 24,54
2013,11,Product 28,52
2013,11,Product 25,48
2013,11,Product 29,36
2013,11,Product 40,18
2013,11,Product 33,12
2013,11,Product 26,6
2013,11,Product 54,5
2013,11,Product 35,4
2013,11,Product 32,1
2013,11,Product 37,1
2013,11,Product 46,1
2013,11,Product 51,1
2013,12,Product 5,1884
2013,12,Product 2,1481
2013,12,Product 1,906
2013,12,Product 6,786
2013,12,Product 4,756
2013,12,Product 10,663
2013,12,Product 52,553
2013,12,Product 18,512
2013,12,Product 8,475
2013,12,Product 11,437
2013,12,Product 17,376
2013,12,Product 20,376
2013,12,Product 7,334
2013,12,Product 14,288
2013,12,Product 13,270
2013,12,Product 3,251
2013,12,Product 23,240
2013,12,Product 9,221
2013,12,Product 19,142
2013,12,Product 12,134
2013,12,Product 16,73
2013,12,Product 22,57
2013,12,Product 28,56
2013,12,Product 29,36
2013,12,Product 25,32
2013,12,Product 54,16
2013,12,Product 24,13
2013,12,Product 40,9
2013,12,Product 33,6
2013,12,Product 26,5
2013,12,Product 36,3
2013,12,Product 32,2
2013,12,Product 37,1
2013,12,Product 63,1
2014,1,Product 1,1501
2014,1,Product 2,1360
2014,1,Product 11,919
2014,1,Product 18,872
2014,1,Product 3,661
2014,1,Product 5,654
2014,1,Product 8,633
2014,1,Product 14,610
2014,1,Product 4,601
2014,1,Product 10,531
2014,1,Product 6,521
2014,1,Product 13,401
2014,1,Product 17,389
2014,1,Product 7,263
2014,1,Product 20,236
2014,1,Product 19,217
2014,1,Product 12,187
2014,1,Product 23,187
2014,1,Product 52,132
2014,1,Product 9,91
2014,1,Product 28,79
2014,1,Product 16,74
2014,1,Product 24,66
2014,1,Product 22,66
2014,1,Product 25,47
2014,1,Product 29,31
2014,1,Product 40,26
2014,1,Product 32,9
2014,1,Product 54,7
2014,1,Product 33,7
2014,1,Product 26,5
2014,1,Product 36,2
2014,2,Product 2,1379
2014,2,Product 1,1352
2014,2,Product 11,896
2014,2,Product 18,861
2014,2,Product 5,723
2014,2,Product 3,608
2014,2,Product 6,566
2014,2,Product 8,543
2014,2,Product 4,524
2014,2,Product 10,495
2014,2,Product 17,451
2014,2,Product 52,431
2014,2,Product 14,372
2014,2,Product 20,335
2014,2,Product 7,293
2014,2,Product 13,288
2014,2,Product 19,211
2014,2,Product 23,200
2014,2,Product 9,175
2014,2,Product 12,168
2014,2,Product 28,68
2014,2,Product 25,60
2014,2,Product 16,59
2014,2,Product 22,58
2014,2,Product 24,47
2014,2,Product 29,29
2014,2,Product 40,16
2014,2,Product 54,11
2014,2,Product 33,8
2014,2,Product 32,6
2014,2,Product 26,5
2014,2,Product 34,4
2014,2,Product 36,2
2014,2,Product 46,2
2014,3,Product 2,1722
2014,3,Product 52,1493
2014,3,Product 1,1441
2014,3,Product 11,1016
2014,3,Product 18,924
2014,3,Product 5,915
2014,3,Product 4,700
2014,3,Product 8,570
2014,3,Product 17,560
2014,3,Product 14,555
2014,3,Product 6,543
2014,3,Product 10,523
2014,3,Product 3,490
2014,3,Product 7,334
2014,3,Product 20,307
2014,3,Product 12,270
2014,3,Product 16,240
2014,3,Product 13,238
2014,3,Product 23,236
2014,3,Product 9,236
2014,3,Product 19,195
2014,3,Product 28,92
2014,3,Product 22,79
2014,3,Product 25,49
2014,3,Product 29,38
2014,3,Product 24,35
2014,3,Product 54,23
2014,3,Product 40,17
2014,3,Product 26,11
2014,3,Product 32,4
2014,3,Product 33,4
2014,3,Product 46,1
2014,4,Product 2,1893
2014,4,Product 1,1229
2014,4,Product 11,946
2014,4,Product 18,859
2014,4,Product 5,816
2014,4,Product 4,803
2014,4,Product 8,704
2014,4,Product 6,672
2014,4,Product 10,546
2014,4,Product 3,531
2014,4,Product 17,498
2014,4,Product 14,390
2014,4,Product 20,384
2014,4,Product 13,237
2014,4,Product 7,227
2014,4,Product 23,213
2014,4,Product 19,200
2014,4,Product 9,188
2014,4,Product 52,171
2014,4,Product 12,164
2014,4,Product 16,144
2014,4,Product 22,82
2014,4,Product 40,45
2014,4,Product 28,43
2014,4,Product 24,43
2014,4,Product 29,36
2014,4,Product 25,25
2014,4,Product 54,11
2014,4,Product 26,6
2014,4,Product 33,6
2014,4,Product 32,3
2014,5,Product 2,1716
2014,5,Product 1,1458
2014,5,Product 5,859
2014,5,Product 18,766
2014,5,Product 11,733
2014,5,Product 8,721
2014,5,Product 6,692
2014,5,Product 4,626
2014,5,Product 14,575
2014,5,Product 10,555
2014,5,Product 3,474
2014,5,Product 17,440
2014,5,Product 20,426
2014,5,Product 52,373
2014,5,Product 12,288
2014,5,Product 7,275
2014,5,Product 19,270
2014,5,Product 9,235
2014,5,Product 13,230
2014,5,Product 23,159
2014,5,Product 16,116
2014,5,Product 22,72
2014,5,Product 24,57
2014,5,Product 40,56
2014,5,Product 29,50
2014,5,Product 28,33
2014,5,Product 25,29
2014,5,Product 54,18
2014,5,Product 33,13
2014,5,Product 26,8
2014,5,Product 34,5
2014,5,Product 32,4
2014,5,Product 46,2
2014,5,Product 36,1
2014,5,Product 41,1
2014,5,Product 43,1
2014,6,Product 2,1620
2014,6,Product 1,1306
2014,6,Product 5,852
2014,6,Product 4,787
2014,6,Product 11,644
2014,6,Product 18,586
2014,6,Product 6,577
2014,6,Product 8,548
2014,6,Product 52,536
2014,6,Product 3,515
2014,6,Product 14,491
2014,6,Product 10,450
2014,6,Product 17,399
2014,6,Product 20,375
2014,6,Product 12,303
2014,6,Product 7,241
2014,6,Product 9,229
2014,6,Product 19,223
2014,6,Product 13,167
2014,6,Product 23,147
2014,6,Product 16,120
2014,6,Product 22,78
2014,6,Product 40,49
2014,6,Product 24,39
2014,6,Product 33,39
2014,6,Product 28,35
2014,6,Product 29,35
2014,6,Product 25,29
2014,6,Product 54,10
2014,6,Product 26,4
2014,6,Product 46,3
2014,6,Product 32,2
2014,6,Product 36,1
2014,6,Product 31,1
2014,7,Product 2,2197
2014,7,Product 1,1270
2014,7,Product 5,930
2014,7,Product 18,677
2014,7,Product 11,670
2014,7,Product 4,645
2014,7,Product 6,632
2014,7,Product 8,609
2014,7,Product 14,565
2014,7,Product 10,542
2014,7,Product 17,438
2014,7,Product 3,432
2014,7,Product 20,397
2014,7,Product 7,239
2014,7,Product 13,219
2014,7,Product 12,195
2014,7,Product 23,177
2014,7,Product 19,159
2014,7,Product 9,138
2014,7,Product 16,130
2014,7,Product 52,114
2014,7,Product 22,79
2014,7,Product 24,43
2014,7,Product 25,37
2014,7,Product 40,34
2014,7,Product 28,29
2014,7,Product 29,29
2014,7,Product 33,29
2014,7,Product 54,14
2014,7,Product 26,12
2014,7,Product 32,3
2014,7,Product 46,2
2014,7,Product 64,2
2014,7,Product 36,1
2014,7,Product 48,1
2014,8,Product 2,2065
2014,8,Product 1,1233
2014,8,Product 11,816
2014,8,Product 18,750
2014,8,Product 6,653
2014,8,Product 3,642
2014,8,Product 5,614
2014,8,Product 4,604
2014,8,Product 14,600
2014,8,Product 8,575
2014,8,Product 17,457
2014,8,Product 10,438
2014,8,Product 20,291
2014,8,Product 12,232
2014,8,Product 13,193
2014,8,Product 23,186
2014,8,Product 7,184
2014,8,Product 52,183
2014,8,Product 19,143
2014,8,Product 9,142
2014,8,Product 16,122
2014,8,Product 22,82
2014,8,Product 24,53
2014,8,Product 28,36
2014,8,Product 29,36
2014,8,Product 40,29
2014,8,Product 25,26
2014,8,Product 33,25
2014,8,Product 26,15
2014,8,Product 54,8
2014,8,Product 32,5
2014,8,Product 46,3
2014,8,Product 36,2
2014,8,Product 43,1
2014,9,Product 2,1707
2014,9,Product 1,1463
2014,9,Product 5,901
2014,9,Product 18,709
2014,9,Product 11,670
2014,9,Product 4,597
2014,9,Product 14,593
2014,9,Product 3,568
2014,9,Product 6,554
2014,9,Product 10,500
2014,9,Product 17,486
2014,9,Product 8,448
2014,9,Product 20,448
2014,9,Product 23,287
2014,9,Product 7,260
2014,9,Product 13,259
2014,9,Product 19,211
2014,9,Product 9,191
2014,9,Product 12,173
2014,9,Product 16,119
2014,9,Product 52,104
2014,9,Product 22,98
2014,9,Product 24,92
2014,9,Product 25,41
2014,9,Product 28,26
2014,9,Product 40,23
2014,9,Product 29,19
2014,9,Product 33,17
2014,9,Product 26,8
2014,9,Product 54,7
2014,9,Product 32,4
2014,9,Product 31,1
2014,9,Product 37,1
2014,10,Product 2,2061
2014,10,Product 1,1451
2014,10,Product 5,1039
2014,10,Product 18,867
2014,10,Product 6,790
2014,10,Product 11,778
2014,10,Product 4,691
2014,10,Product 10,622
2014,10,Product 8,606
2014,10,Product 3,601
2014,10,Product 14,525
2014,10,Product 17,452
2014,10,Product 20,408
2014,10,Product 12,347
2014,10,Product 13,273
2014,10,Product 23,262
2014,10,Product 7,258
2014,10,Product 16,195
2014,10,Product 9,181
2014,10,Product 19,150
2014,10,Product 24,123
2014,10,Product 22,92
2014,10,Product 40,42
2014,10,Product 52,36
2014,10,Product 29,26
2014,10,Product 28,25
2014,10,Product 33,19
2014,10,Product 25,15
2014,10,Product 54,11
2014,10,Product 26,7
2014,10,Product 32,3
2014,10,Product 46,3
2014,10,Product 36,1
2014,10,Product 41,1
2014,10,Product 48,1
2014,10,Product 37,1
2014,11,Product 2,1920
2014,11,Product 1,1241
2014,11,Product 5,950
2014,11,Product 11,710
2014,11,Product 18,687
2014,11,Product 10,639
2014,11,Product 6,585
2014,11,Product 4,562
2014,11,Product 14,533
2014,11,Product 8,516
2014,11,Product 3,506
2014,11,Product 20,443
2014,11,Product 17,351
2014,11,Product 12,215
2014,11,Product 23,207
2014,11,Product 52,202
2014,11,Product 13,200
2014,11,Product 7,182
2014,11,Product 9,162
2014,11,Product 16,153
2014,11,Product 24,135
2014,11,Product 19,131
2014,11,Product 22,84
2014,11,Product 28,53
2014,11,Product 40,31
2014,11,Product 29,26
2014,11,Product 54,24
2014,11,Product 33,14
2014,11,Product 25,13
2014,11,Product 32,4
2014,11,Product 34,4
2014,11,Product 26,2
2014,11,Product 46,1
2014,12,Product 5,2072
2014,12,Product 2,2019
2014,12,Product 1,1055
2014,12,Product 11,804
2014,12,Product 10,762
2014,12,Product 4,681
2014,12,Product 6,666
2014,12,Product 18,634
2014,12,Product 8,604
2014,12,Product 3,527
2014,12,Product 20,359
2014,12,Product 17,317
2014,12,Product 14,310
2014,12,Product 52,267
2014,12,Product 23,217
2014,12,Product 12,209
2014,12,Product 7,191
2014,12,Product 16,161
2014,12,Product 9,159
2014,12,Product 13,143
2014,12,Product 19,133
2014,12,Product 22,70
2014,12,Product 24,59
2014,12,Product 28,59
2014,12,Product 25,54
2014,12,Product 40,49
2014,12,Product 33,27
2014,12,Product 29,26
2014,12,Product 54,9
2014,12,Product 32,2
2014,12,Product 46,2
2014,12,Product 26,1
2014,12,Product 34,1
2015,1,Product 2,2057
2015,1,Product 1,1372
2015,1,Product 18,848
2015,1,Product 11,649
2015,1,Product 4,593
2015,1,Product 10,543
2015,1,Product 17,502
2015,1,Product 6,473
2015,1,Product 14,393
2015,1,Product 3,373
2015,1,Product 5,321
2015,1,Product 20,315
2015,1,Product 8,302
2015,1,Product 13,284
2015,1,Product 19,283
2015,1,Product 7,273
2015,1,Product 12,202
2015,1,Product 24,137
2015,1,Product 16,127
2015,1,Product 9,118
2015,1,Product 23,95
2015,1,Product 52,71
2015,1,Product 22,62
2015,1,Product 28,32
2015,1,Product 40,28
2015,1,Product 33,25
2015,1,Product 29,15
2015,1,Product 54,13
2015,1,Product 26,9
2015,1,Product 32,8
2015,2,Product 2,1895
2015,2,Product 1,1436
2015,2,Product 18,761
2015,2,Product 4,666
2015,2,Product 11,636
2015,2,Product 6,539
2015,2,Product 10,537
2015,2,Product 8,474
2015,2,Product 5,438
2015,2,Product 3,401
2015,2,Product 14,357
2015,2,Product 52,321
2015,2,Product 20,315
2015,2,Product 17,302
2015,2,Product 13,249
2015,2,Product 7,241
2015,2,Product 23,224
2015,2,Product 9,163
2015,2,Product 19,148
2015,2,Product 16,147
2015,2,Product 12,112
2015,2,Product 24,106
2015,2,Product 22,57
2015,2,Product 28,44
2015,2,Product 40,37
2015,2,Product 54,22
2015,2,Product 33,19
2015,2,Product 65,19
2015,2,Product 29,13
2015,2,Product 36,3
2015,2,Product 32,2
2015,2,Product 26,1
2015,3,Product 2,2274
2015,3,Product 1,1509
2015,3,Product 52,1140
2015,3,Product 18,1057
2015,3,Product 5,875
2015,3,Product 4,829
2015,3,Product 11,785
2015,3,Product 6,679
2015,3,Product 8,598
2015,3,Product 3,525
2015,3,Product 10,492
2015,3,Product 14,390
2015,3,Product 20,376
2015,3,Product 17,374
2015,3,Product 7,344
2015,3,Product 13,311
2015,3,Product 16,296
2015,3,Product 23,294
2015,3,Product 9,271
2015,3,Product 19,202
2015,3,Product 12,186
2015,3,Product 24,97
2015,3,Product 28,79
2015,3,Product 22,72
2015,3,Product 40,28
2015,3,Product 54,23
2015,3,Product 29,22
2015,3,Product 33,19
2015,3,Product 26,3
2015,3,Product 36,3
2015,3,Product 25,2
2015,3,Product 46,2
2015,3,Product 32,1
2015,3,Product 48,1
2015,4,Product 2,2667
2015,4,Product 1,1274
2015,4,Product 11,733
2015,4,Product 5,729
2015,4,Product 6,725
2015,4,Product 8,665
2015,4,Product 10,646
2015,4,Product 4,634
2015,4,Product 14,558
2015,4,Product 18,543
2015,4,Product 3,541
2015,4,Product 17,418
2015,4,Product 23,365
2015,4,Product 20,354
2015,4,Product 12,305
2015,4,Product 7,259
2015,4,Product 52,230
2015,4,Product 16,215
2015,4,Product 13,214
2015,4,Product 19,212
2015,4,Product 9,147
2015,4,Product 22,92
2015,4,Product 24,73
2015,4,Product 28,56
2015,4,Product 40,39
2015,4,Product 29,25
2015,4,Product 33,24
2015,4,Product 54,17
2015,4,Product 36,6
2015,4,Product 34,5
2015,4,Product 32,4
2015,4,Product 26,3
2015,4,Product 42,2
2015,4,Product 39,1
2015,4,Product 24,1
2015,5,Product 2,2076
2015,5,Product 1,1159
2015,5,Product 5,942
2015,5,Product 4,747
2015,5,Product 11,693
2015,5,Product 10,679
2015,5,Product 6,585
2015,5,Product 8,585
2015,5,Product 17,577
2015,5,Product 18,514
2015,5,Product 14,508
2015,5,Product 3,490
2015,5,Product 20,390
2015,5,Product 52,346
2015,5,Product 23,319
2015,5,Product 7,275
2015,5,Product 13,253
2015,5,Product 16,158
2015,5,Product 12,153
2015,5,Product 9,143
2015,5,Product 19,123
2015,5,Product 24,76
2015,5,Product 22,63
2015,5,Product 28,51
2015,5,Product 29,34
2015,5,Product 40,30
2015,5,Product 36,26
2015,5,Product 33,24
2015,5,Product 32,6
2015,5,Product 54,3
2015,5,Product 26,3
2015,5,Product 42,2
2015,5,Product 39,1
2015,5,Product 45,1
2015,5,Product 43,1
2015,6,Product 2,2501
2015,6,Product 1,1409
2015,6,Product 5,1099
2015,6,Product 11,849
2015,6,Product 18,692
2015,6,Product 4,670
2015,6,Product 6,645
2015,6,Product 8,640
2015,6,Product 17,640
2015,6,Product 14,635
2015,6,Product 10,618
2015,6,Product 52,566
2015,6,Product 16,496
2015,6,Product 3,472
2015,6,Product 20,419
2015,6,Product 23,316
2015,6,Product 7,290
2015,6,Product 19,237
2015,6,Product 9,234
2015,6,Product 13,228
2015,6,Product 12,198
2015,6,Product 24,109
2015,6,Product 22,65
2015,6,Product 28,44
2015,6,Product 40,38
2015,6,Product 29,22
2015,6,Product 33,19
2015,6,Product 32,18
2015,6,Product 36,16
2015,6,Product 54,14
2015,6,Product 26,3
2015,6,Product 34,2
2015,6,Product 45,1
2015,6,Product 51,1
2015,6,Product 37,1
2015,7,Product 2,2415
2015,7,Product 1,1458
2015,7,Product 5,826
2015,7,Product 18,759
2015,7,Product 8,754
2015,7,Product 10,695
2015,7,Product 4,642
2015,7,Product 6,627
2015,7,Product 11,617
2015,7,Product 14,598
2015,7,Product 3,477
2015,7,Product 20,377
2015,7,Product 23,328
2015,7,Product 17,290
2015,7,Product 7,235
2015,7,Product 52,222
2015,7,Product 13,203
2015,7,Product 19,181
2015,7,Product 16,136
2015,7,Product 12,133
2015,7,Product 22,102
2015,7,Product 24,99
2015,7,Product 9,89
2015,7,Product 40,34
2015,7,Product 28,25
2015,7,Product 33,20
2015,7,Product 29,18
2015,7,Product 26,9
2015,7,Product 36,8
2015,7,Product 32,8
2015,7,Product 54,7
2015,7,Product 41,1
2015,7,Product 56,1
2015,8,Product 2,2254
2015,8,Product 1,1461
2015,8,Product 4,866
2015,8,Product 11,860
2015,8,Product 18,722
2015,8,Product 6,666
2015,8,Product 10,659
2015,8,Product 14,620
2015,8,Product 8,541
2015,8,Product 3,531
2015,8,Product 5,518
2015,8,Product 20,505
2015,8,Product 23,338
2015,8,Product 13,332
2015,8,Product 7,287
2015,8,Product 17,284
2015,8,Product 52,220
2015,8,Product 19,199
2015,8,Product 9,151
2015,8,Product 16,133
2015,8,Product 12,115
2015,8,Product 24,105
2015,8,Product 22,71
2015,8,Product 28,44
2015,8,Product 40,36
2015,8,Product 33,29
2015,8,Product 29,22
2015,8,Product 32,11
2015,8,Product 54,10
2015,8,Product 36,7
2015,8,Product 26,4
2015,8,Product 46,1
2015,8,Product 51,1
2015,8,Product 37,1
2015,9,Product 2,1768
2015,9,Product 1,1527
2015,9,Product 18,977
2015,9,Product 5,827
2015,9,Product 11,777
2015,9,Product 14,679
2015,9,Product 10,677
2015,9,Product 4,648
2015,9,Product 6,548
2015,9,Product 8,494
2015,9,Product 3,439
2015,9,Product 17,437
2015,9,Product 20,384
2015,9,Product 13,311
2015,9,Product 23,301
2015,9,Product 19,300
2015,9,Product 7,259
2015,9,Product 16,240
2015,9,Product 9,212
2015,9,Product 12,149
2015,9,Product 52,127
2015,9,Product 24,92
2015,9,Product 22,82
2015,9,Product 28,50
2015,9,Product 40,28
2015,9,Product 29,20
2015,9,Product 36,17
2015,9,Product 33,15
2015,9,Product 32,14
2015,9,Product 54,12
2015,9,Product 26,5
2015,9,Product 34,4
2015,9,Product 25,1
2015,10,Product 2,2210
2015,10,Product 1,1443
2015,10,Product 11,1010
2015,10,Product 5,954
2015,10,Product 18,759
2015,10,Product 6,717
2015,10,Product 4,706
2015,10,Product 14,635
2015,10,Product 17,614
2015,10,Product 10,566
2015,10,Product 8,549
2015,10,Product 3,475
2015,10,Product 20,363
2015,10,Product 13,299
2015,10,Product 23,296
2015,10,Product 7,258
2015,10,Product 16,253
2015,10,Product 12,216
2015,10,Product 9,206
2015,10,Product 52,198
2015,10,Product 19,177
2015,10,Product 24,70
2015,10,Product 22,58
2015,10,Product 28,49
2015,10,Product 40,49
2015,10,Product 29,17
2015,10,Product 32,16
2015,10,Product 33,14
2015,10,Product 54,8
2015,10,Product 36,8
2015,10,Product 37,2
2015,10,Product 39,1
2015,10,Product 31,1
2015,11,Product 2,2346
2015,11,Product 1,1102
2015,11,Product 5,937
2015,11,Product 11,934
2015,11,Product 4,724
2015,11,Product 14,713
2015,11,Product 10,694
2015,11,Product 17,679
2015,11,Product 6,642
2015,11,Product 8,592
2015,11,Product 18,455
2015,11,Product 3,400
2015,11,Product 20,379
2015,11,Product 7,291
2015,11,Product 23,232
2015,11,Product 9,230
2015,11,Product 52,225
2015,11,Product 13,220
2015,11,Product 19,201
2015,11,Product 12,191
2015,11,Product 16,171
2015,11,Product 24,58
2015,11,Product 22,55
2015,11,Product 28,53
2015,11,Product 40,20
2015,11,Product 33,14
2015,11,Product 29,12
2015,11,Product 36,9
2015,11,Product 32,9
2015,11,Product 54,5
2015,11,Product 34,4
2015,11,Product 26,3
2015,12,Product 2,1881
2015,12,Product 5,1512
2015,12,Product 11,1024
2015,12,Product 10,872
2015,12,Product 1,866
2015,12,Product 4,737
2015,12,Product 17,673
2015,12,Product 23,646
2015,12,Product 6,644
2015,12,Product 14,616
2015,12,Product 8,496
2015,12,Product 20,458
2015,12,Product 3,418
2015,12,Product 52,373
2015,12,Product 16,310
2015,12,Product 7,305
2015,12,Product 18,230
2015,12,Product 19,209
2015,12,Product 13,183
2015,12,Product 9,163
2015,12,Product 12,158
2015,12,Product 28,75
2015,12,Product 22,62
2015,12,Product 24,48
2015,12,Product 29,44
2015,12,Product 40,18
2015,12,Product 32,18
2015,12,Product 36,16
2015,12,Product 33,11
2015,12,Product 54,7
2015,12,Product 26,3
2015,12,Product 37,1
2015,12,Product 66,1
2016,1,Product 2,1743
2016,1,Product 1,1106
2016,1,Product 11,1089
2016,1,Product 4,752
2016,1,Product 18,673
2016,1,Product 10,661
2016,1,Product 5,643
2016,1,Product 14,621
2016,1,Product 8,559
2016,1,Product 6,528
2016,1,Product 3,437
2016,1,Product 13,311
2016,1,Product 16,250
2016,1,Product 7,237
2016,1,Product 20,216
2016,1,Product 17,199
2016,1,Product 12,181
2016,1,Product 19,147
2016,1,Product 24,147
2016,1,Product 9,135
2016,1,Product 52,105
2016,1,Product 22,67
2016,1,Product 40,60
2016,1,Product 28,35
2016,1,Product 23,32
2016,1,Product 32,19
2016,1,Product 66,13
2016,1,Product 37,8
2016,1,Product 36,6
2016,1,Product 29,5
2016,1,Product 33,4
2016,1,Product 54,1
2016,1,Product 46,1
2016,2,Product 2,2044
2016,2,Product 1,1374
2016,2,Product 11,899
2016,2,Product 18,842
2016,2,Product 4,754
2016,2,Product 6,753
2016,2,Product 5,732
2016,2,Product 14,651
2016,2,Product 10,625
2016,2,Product 17,607
2016,2,Product 8,531
2016,2,Product 3,428
2016,2,Product 20,389
2016,2,Product 7,274
2016,2,Product 13,269
2016,2,Product 12,164
2016,2,Product 9,151
2016,2,Product 19,121
2016,2,Product 52,113
2016,2,Product 16,111
2016,2,Product 23,99
2016,2,Product 24,95
2016,2,Product 22,50
2016,2,Product 28,40
2016,2,Product 40,34
2016,2,Product 54,21
2016,2,Product 66,14
2016,2,Product 36,11
2016,2,Product 37,8
2016,2,Product 32,5
2016,2,Product 29,5
2016,2,Product 33,4
2016,2,Product 46,2
2016,2,Product 26,2
2016,3,Product 2,2236
2016,3,Product 1,1537
2016,3,Product 18,1105
2016,3,Product 11,933
2016,3,Product 17,825
2016,3,Product 10,817
2016,3,Product 4,717
2016,3,Product 5,687
2016,3,Product 6,662
2016,3,Product 14,550
2016,3,Product 8,543
2016,3,Product 52,487
2016,3,Product 16,453
2016,3,Product 3,405
2016,3,Product 20,367
2016,3,Product 13,292
2016,3,Product 7,279
2016,3,Product 9,182
2016,3,Product 23,169
2016,3,Product 19,159
2016,3,Product 12,155
2016,3,Product 24,74
2016,3,Product 22,55
2016,3,Product 66,37
2016,3,Product 28,33
2016,3,Product 40,30
2016,3,Product 54,24
2016,3,Product 32,19
2016,3,Product 29,17
2016,3,Product 33,8
2016,3,Product 36,6
2016,3,Product 37,5
2016,3,Product 26,3
2016,3,Product 42,2
2016,3,Product 34,2
2016,4,Product 2,3017
2016,4,Product 1,1432
2016,4,Product 11,1052
2016,4,Product 6,785
2016,4,Product 18,782
2016,4,Product 5,748
2016,4,Product 4,715
2016,4,Product 8,685
2016,4,Product 10,661
2016,4,Product 17,630
2016,4,Product 14,564
2016,4,Product 3,483
2016,4,Product 20,376
2016,4,Product 7,352
2016,4,Product 16,325
2016,4,Product 23,279
2016,4,Product 13,252
2016,4,Product 19,212
2016,4,Product 9,186
2016,4,Product 12,146
2016,4,Product 52,96
2016,4,Product 24,71
2016,4,Product 22,53
2016,4,Product 40,49
2016,4,Product 66,49
2016,4,Product 28,32
2016,4,Product 54,28
2016,4,Product 32,18
2016,4,Product 29,14
2016,4,Product 36,11
2016,4,Product 37,6
2016,4,Product 33,4
2016,4,Product 26,3
2016,5,Product 2,2222
2016,5,Product 1,1687
2016,5,Product 10,872
2016,5,Product 11,832
2016,5,Product 4,751
2016,5,Product 6,722
2016,5,Product 17,659
2016,5,Product 5,619
2016,5,Product 18,592
2016,5,Product 14,565
2016,5,Product 8,540
2016,5,Product 3,404
2016,5,Product 7,397
2016,5,Product 20,349
2016,5,Product 19,237
2016,5,Product 13,232
2016,5,Product 23,218
2016,5,Product 16,160
2016,5,Product 9,158
2016,5,Product 52,156
2016,5,Product 12,155
2016,5,Product 22,80
2016,5,Product 24,73
2016,5,Product 40,42
2016,5,Product 28,38
2016,5,Product 32,38
2016,5,Product 66,19
2016,5,Product 54,18
2016,5,Product 29,7
2016,5,Product 36,6
2016,5,Product 33,6
2016,5,Product 34,4
2016,5,Product 48,2
2016,5,Product 37,1
2016,5,Product 26,1
2016,5,Product 41,1
2016,5,Product 43,1
2016,6,Product 2,2287
2016,6,Product 1,1603
2016,6,Product 4,854
2016,6,Product 10,826
2016,6,Product 11,808
2016,6,Product 5,766
2016,6,Product 6,721
2016,6,Product 17,698
2016,6,Product 18,640
2016,6,Product 14,611
2016,6,Product 8,551
2016,6,Product 16,490
2016,6,Product 3,400
2016,6,Product 7,389
2016,6,Product 20,373
2016,6,Product 52,291
2016,6,Product 23,275
2016,6,Product 19,199
2016,6,Product 9,189
2016,6,Product 13,185
2016,6,Product 22,127
2016,6,Product 12,117
2016,6,Product 24,74
2016,6,Product 28,50
2016,6,Product 32,46
2016,6,Product 40,40
2016,6,Product 54,27
2016,6,Product 66,18
2016,6,Product 29,5
2016,6,Product 36,5
2016,6,Product 37,5
2016,6,Product 33,4
2016,6,Product 26,2
2016,6,Product 34,2
2016,6,Product 42,1
2016,6,Product 44,1
2016,6,Product 39,1
2016,7,Product 2,2076
2016,7,Product 1,1127
2016,7,Product 8,687
2016,7,Product 17,641
2016,7,Product 11,636
2016,7,Product 5,635
2016,7,Product 10,607
2016,7,Product 6,602
2016,7,Product 18,590
2016,7,Product 4,510
2016,7,Product 14,489
2016,7,Product 20,339
2016,7,Product 3,314
2016,7,Product 7,311
2016,7,Product 19,229
2016,7,Product 13,213
2016,7,Product 23,201
2016,7,Product 12,175
2016,7,Product 9,145
2016,7,Product 16,128
2016,7,Product 22,97
2016,7,Product 24,89
2016,7,Product 52,66
2016,7,Product 40,28
2016,7,Product 28,24
2016,7,Product 32,23
2016,7,Product 66,20
2016,7,Product 37,9
2016,7,Product 54,8
2016,7,Product 33,8
2016,7,Product 34,4
2016,7,Product 29,3
2016,7,Product 36,1
2016,7,Product 26,1
2016,7,Product 46,1
2016,7,Product 48,1
2016,7,Product 44,1
2016,7,Product 43,1
2016,8,Product 2,2359
2016,8,Product 1,1824
2016,8,Product 11,1031
2016,8,Product 10,881
2016,8,Product 8,794
2016,8,Product 18,627
2016,8,Product 4,625
2016,8,Product 6,529
2016,8,Product 14,518
2016,8,Product 17,499
2016,8,Product 5,463
2016,8,Product 3,461
2016,8,Product 20,401
2016,8,Product 52,338
2016,8,Product 7,282
2016,8,Product 23,268
2016,8,Product 13,229
2016,8,Product 9,201
2016,8,Product 19,165
2016,8,Product 12,162
2016,8,Product 24,142
2016,8,Product 16,134
2016,8,Product 22,79
2016,8,Product 32,42
2016,8,Product 54,40
2016,8,Product 40,38
2016,8,Product 28,35
2016,8,Product 29,19
2016,8,Product 33,13
2016,8,Product 66,10
2016,8,Product 37,8
2016,8,Product 26,6
2016,8,Product 34,3
2016,8,Product 46,2
2016,8,Product 36,1
2016,8,Product 48,1
2016,8,Product 44,1
2016,8,Product 50,1
2016,9,Product 2,2084
2016,9,Product 1,1823
2016,9,Product 11,1193
2016,9,Product 10,891
2016,9,Product 52,848
2016,9,Product 5,763
2016,9,Product 4,697
2016,9,Product 8,688
2016,9,Product 6,653
2016,9,Product 17,562
2016,9,Product 14,549
2016,9,Product 18,460
2016,9,Product 20,418
2016,9,Product 3,354
2016,9,Product 16,256
2016,9,Product 7,249
2016,9,Product 13,241
2016,9,Product 23,227
2016,9,Product 19,227
2016,9,Product 12,149
2016,9,Product 9,148
2016,9,Product 24,141
2016,9,Product 22,48
2016,9,Product 28,45
2016,9,Product 32,44
2016,9,Product 40,26
2016,9,Product 29,16
2016,9,Product 26,15
2016,9,Product 54,13
2016,9,Product 37,9
2016,9,Product 33,5
2016,9,Product 66,4
2016,9,Product 36,4
2016,9,Product 34,4
2016,10,Product 2,2161
2016,10,Product 1,1327
2016,10,Product 11,1096
2016,10,Product 10,732
2016,10,Product 5,732
2016,10,Product 18,646
2016,10,Product 6,628
2016,10,Product 8,603
2016,10,Product 4,534
2016,10,Product 14,524
2016,10,Product 17,426
2016,10,Product 3,415
2016,10,Product 20,315
2016,10,Product 7,249
2016,10,Product 13,226
2016,10,Product 19,221
2016,10,Product 23,217
2016,10,Product 16,216
2016,10,Product 12,171
2016,10,Product 52,123
2016,10,Product 9,111
2016,10,Product 24,86
2016,10,Product 22,56
2016,10,Product 32,34
2016,10,Product 28,16
2016,10,Product 40,14
2016,10,Product 54,14
2016,10,Product 29,10
2016,10,Product 66,9
2016,10,Product 37,5
2016,10,Product 33,5
2016,10,Product 34,4
2016,10,Product 26,3
2016,10,Product 36,2
2016,10,Product 39,1
2016,11,Product 2,2106
2016,11,Product 11,1663
2016,11,Product 1,1375
2016,11,Product 10,807
2016,11,Product 5,754
2016,11,Product 4,690
2016,11,Product 6,665
2016,11,Product 8,645
2016,11,Product 18,571
2016,11,Product 17,472
2016,11,Product 3,427
2016,11,Product 14,420
2016,11,Product 19,400
2016,11,Product 20,343
2016,11,Product 7,317
2016,11,Product 23,279
2016,11,Product 13,269
2016,11,Product 16,202
2016,11,Product 52,170
2016,11,Product 12,161
2016,11,Product 9,109
2016,11,Product 24,89
2016,11,Product 22,78
2016,11,Product 32,33
2016,11,Product 28,32
2016,11,Product 54,31
2016,11,Product 40,29
2016,11,Product 33,23
2016,11,Product 37,13
2016,11,Product 29,12
2016,11,Product 26,4
2016,11,Product 36,2
2016,11,Product 34,2
2016,11,Product 66,1
2016,12,Product 2,2239
2016,12,Product 1,1238
2016,12,Product 5,1235
2016,12,Product 11,866
2016,12,Product 8,827
2016,12,Product 4,727
2016,12,Product 52,688
2016,12,Product 10,653
2016,12,Product 14,541
2016,12,Product 18,533
2016,12,Product 6,526
2016,12,Product 23,508
2016,12,Product 17,444
2016,12,Product 19,423
2016,12,Product 7,372
2016,12,Product 20,327
2016,12,Product 13,271
2016,12,Product 3,270
2016,12,Product 16,224
2016,12,Product 12,119
2016,12,Product 9,118
2016,12,Product 24,82
2016,12,Product 54,80
2016,12,Product 22,68
2016,12,Product 28,64
2016,12,Product 33,39
2016,12,Product 32,38
2016,12,Product 29,32
2016,12,Product 40,27
2016,12,Product 66,6
2016,12,Product 37,5
2016,12,Product 46,5
2016,12,Product 26,3
2016,12,Product 34,3
2016,12,Product 36,1
2017,1,Product 2,1688
2017,1,Product 11,1540
2017,1,Product 1,1526
2017,1,Product 5,1158
2017,1,Product 10,970
2017,1,Product 6,681
2017,1,Product 4,617
2017,1,Product 18,615
2017,1,Product 3,571
2017,1,Product 8,565
2017,1,Product 20,422
2017,1,Product 52,367
2017,1,Product 13,352
2017,1,Product 19,349
2017,1,Product 16,306
2017,1,Product 14,284
2017,1,Product 17,216
2017,1,Product 7,191
2017,1,Product 12,163
2017,1,Product 9,101
2017,1,Product 24,98
2017,1,Product 40,91
2017,1,Product 22,65
2017,1,Product 23,39
2017,1,Product 32,27
2017,1,Product 28,18
2017,1,Product 54,9
2017,1,Product 66,9
2017,1,Product 26,6
2017,1,Product 29,3
2017,1,Product 34,3
2017,1,Product 46,2
2017,1,Product 48,1
2017,1,Product 36,1
2017,1,Product 37,1
